# https://github.com/mikedh/trimesh
v 0.16534397 -0.08138314 1.05714941 0.96078431 0.64705882 0.13725490
v 0.16548005 -0.08090781 1.05629456 0.96078431 0.64705882 0.13725490
v 0.16566579 -0.08042927 1.05544960 0.96078431 0.64705882 0.13725490
v 0.16552861 -0.08271465 1.05871177 0.96078431 0.64705882 0.13725490
v 0.16570981 -0.08245876 1.05773747 0.88235294 0.23529412 0.27450980
v 0.16586772 -0.08207801 1.05683136 0.88235294 0.23529412 0.27450980
v 0.16600901 -0.08161019 1.05597293 0.88235294 0.23529412 0.27450980
v 0.16613261 -0.08104981 1.05516493 0.88235294 0.23529412 0.27450980
v 0.16624066 -0.08040911 1.05440104 0.96078431 0.64705882 0.13725490
v 0.16584620 -0.08316562 1.05850244 0.96078431 0.64705882 0.13725490
v 0.16587855 -0.08269654 1.05762720 0.88235294 0.23529412 0.27450980
v 0.16597039 -0.08222365 1.05676377 0.88235294 0.23529412 0.27450980
v 0.16610584 -0.08174799 1.05590868 0.88235294 0.23529412 0.27450980
v 0.16628730 -0.08126937 1.05506277 0.88235294 0.23529412 0.27450980
v 0.16650830 -0.08078820 1.05422425 0.88235294 0.23529412 0.27450980
v 0.16677532 -0.08030399 1.05339468 0.96078431 0.64705882 0.13725490
v 0.16748962 -0.07932331 1.05177033 0.96078431 0.64705882 0.13725490
v 0.16646686 -0.08400771 1.05811620 0.88235294 0.23529412 0.27450980
v 0.16649666 -0.08353844 1.05724037 0.88235294 0.23529412 0.27450980
v 0.16658892 -0.08306515 1.05637681 0.88235294 0.23529412 0.27450980
v 0.16672374 -0.08258918 1.05552161 0.88235294 0.23529412 0.27450980
v 0.16690084 -0.08211052 1.05467451 0.88235294 0.23529412 0.27450980
v 0.16711855 -0.08162922 1.05383539 0.88235294 0.23529412 0.27450980
v 0.16739410 -0.08114408 1.05300736 0.88235294 0.23529412 0.27450980
v 0.16770293 -0.08065677 1.05218589 0.88235294 0.23529412 0.27450980
v 0.16772841 -0.08062349 1.05213118 0.88235294 0.23529412 0.27450980
v 0.16663960 -0.08468664 1.05890405 0.96078431 0.64705882 0.13725490
v 0.16683580 -0.08450536 1.05788875 0.88235294 0.23529412 0.27450980
v 0.16701482 -0.08423249 1.05692327 0.88235294 0.23529412 0.27450980
v 0.16717426 -0.08385542 1.05601466 0.88235294 0.23529412 0.27450980
v 0.16731654 -0.08338808 1.05515540 0.88235294 0.23529412 0.27450980
v 0.16744509 -0.08285002 1.05433452 0.88235294 0.23529412 0.27450980
v 0.16755652 -0.08222274 1.05356240 0.88235294 0.23529412 0.27450980
v 0.16764893 -0.08149675 1.05284429 0.88235294 0.23529412 0.27450980
v 0.16772498 -0.08068733 1.05217159 0.88235294 0.23529412 0.27450980
v 0.16809009 -0.08016407 1.05137932 0.96078431 0.64705882 0.13725490
v 0.16855854 -0.07966571 1.05058837 0.96078431 0.64705882 0.13725490
v 0.16720964 -0.08577804 1.05951893 0.96078431 0.64705882 0.13725490
v 0.16711451 -0.08531628 1.05861783 0.88235294 0.23529412 0.27450980
v 0.16709207 -0.08484989 1.05773139 0.88235294 0.23529412 0.27450980
v 0.16712494 -0.08438005 1.05685592 0.88235294 0.23529412 0.27450980
v 0.16721243 -0.08390673 1.05599117 0.88235294 0.23529412 0.27450980
v 0.16734765 -0.08343039 1.05513585 0.88235294 0.23529412 0.27450980
v 0.16751981 -0.08295172 1.05428767 0.88235294 0.23529412 0.27450980
v 0.16774011 -0.08246993 1.05344892 0.88235294 0.23529412 0.27450980
v 0.16800833 -0.08198498 1.05261946 0.88235294 0.23529412 0.27450980
v 0.16832870 -0.08149654 1.05180013 0.88235294 0.23529412 0.27450980
v 0.16872305 -0.08100303 1.05099499 0.88235294 0.23529412 0.27450980
v 0.16910215 -0.08058920 1.05033541 0.88235294 0.23529412 0.27450980
v 0.16910569 -0.08040409 1.05024838 0.88235294 0.23529412 0.27450980
v 0.16746321 -0.08635324 1.06038046 0.96078431 0.64705882 0.13725490
v 0.16770343 -0.08640549 1.05923760 0.88235294 0.23529412 0.27450980
v 0.16777764 -0.08615658 1.05824101 0.88235294 0.23529412 0.27450980
v 0.16782083 -0.08637071 1.05865860 0.88235294 0.23529412 0.27450980
v 0.16775738 -0.08568969 1.05735481 0.88235294 0.23529412 0.27450980
v 0.16777927 -0.08522024 1.05647695 0.88235294 0.23529412 0.27450980
v 0.16786712 -0.08474655 1.05561209 0.88235294 0.23529412 0.27450980
v 0.16799690 -0.08427025 1.05475557 0.88235294 0.23529412 0.27450980
v 0.16817531 -0.08379082 1.05390847 0.88235294 0.23529412 0.27450980
v 0.16839516 -0.08330873 1.05306959 0.88235294 0.23529412 0.27450980
v 0.16866586 -0.08282328 1.05224037 0.88235294 0.23529412 0.27450980
v 0.16897652 -0.08233523 1.05141914 0.88235294 0.23529412 0.27450980
v 0.16903248 -0.08226220 1.05129921 0.88235294 0.23529412 0.27450980
v 0.16907866 -0.08147267 1.05078030 0.88235294 0.23529412 0.27450980
v 0.16792090 -0.08633454 1.05816174 0.88235294 0.23529412 0.27450980
v 0.16811612 -0.08614345 1.05715144 0.88235294 0.23529412 0.27450980
v 0.16829464 -0.08586377 1.05618918 0.88235294 0.23529412 0.27450980
v 0.16845582 -0.08549222 1.05527723 0.88235294 0.23529412 0.27450980
v 0.16859920 -0.08502686 1.05441618 0.88235294 0.23529412 0.27450980
v 0.16872950 -0.08449415 1.05359185 0.88235294 0.23529412 0.27450980
v 0.16884455 -0.08388254 1.05281043 0.88235294 0.23529412 0.27450980
v 0.16894163 -0.08317752 1.05208015 0.88235294 0.23529412 0.27450980
v 0.16902357 -0.08239535 1.05139184 0.88235294 0.23529412 0.27450980
v 0.16910955 -0.07916155 1.04981339 0.96078431 0.64705882 0.13725490
v 0.16918114 -0.08050512 1.05020201 0.88235294 0.23529412 0.27450980
v 0.16974795 -0.07999957 1.04943013 0.96078431 0.64705882 0.13725490
v 0.16804875 -0.08707575 1.06005991 0.88235294 0.23529412 0.27450980
v 0.16787326 -0.08661867 1.05914247 0.88235294 0.23529412 0.27450980
v 0.16936445 -0.08184188 1.05061269 0.88235294 0.23529412 0.27450980
v 0.16983797 -0.08134259 1.04982281 0.88235294 0.23529412 0.27450980
v 0.17039146 -0.08084936 1.04907024 0.88235294 0.23529412 0.27450980
v 0.17039126 -0.08081818 1.04905939 0.88235294 0.23529412 0.27450980
v 0.16844465 -0.08762810 1.06095839 0.96078431 0.64705882 0.13725490
v 0.16871658 -0.08785039 1.05972278 0.88235294 0.23529412 0.27450980
v 0.16858482 -0.08745638 1.05877578 0.88235294 0.23529412 0.27450980
v 0.16874677 -0.08785542 1.05957925 0.88235294 0.23529412 0.27450980
v 0.16846262 -0.08699574 1.05786896 0.88235294 0.23529412 0.27450980
v 0.16842528 -0.08652969 1.05697906 0.88235294 0.23529412 0.27450980
v 0.16845259 -0.08605952 1.05610204 0.88235294 0.23529412 0.27450980
v 0.16853036 -0.08558620 1.05523515 0.88235294 0.23529412 0.27450980
v 0.16866505 -0.08510922 1.05437922 0.88235294 0.23529412 0.27450980
v 0.16883698 -0.08462993 1.05353081 0.88235294 0.23529412 0.27450980
v 0.16905208 -0.08414786 1.05269074 0.88235294 0.23529412 0.27450980
v 0.16932614 -0.08366187 1.05186224 0.88235294 0.23529412 0.27450980
v 0.16965106 -0.08317250 1.05104363 0.88235294 0.23529412 0.27450980
v 0.17004773 -0.08267826 1.05023885 0.88235294 0.23529412 0.27450980
v 0.17038476 -0.08230767 1.04964805 0.88235294 0.23529412 0.27450980
v 0.17039335 -0.08204257 1.04950714 0.88235294 0.23529412 0.27450980
v 0.16895446 -0.08788582 1.05858886 0.88235294 0.23529412 0.27450980
v 0.16917542 -0.08783336 1.05750275 0.88235294 0.23529412 0.27450980
v 0.16917565 -0.08783425 1.05750442 0.88235294 0.23529412 0.27450980
v 0.16913529 -0.08736716 1.05661201 0.88235294 0.23529412 0.27450980
v 0.16915256 -0.08689734 1.05573273 0.88235294 0.23529412 0.27450980
v 0.16923028 -0.08642370 1.05486560 0.88235294 0.23529412 0.27450980
v 0.16935414 -0.08594715 1.05400753 0.88235294 0.23529412 0.27450980
v 0.16953215 -0.08546711 1.05316019 0.88235294 0.23529412 0.27450980
v 0.16975284 -0.08498434 1.05232108 0.88235294 0.23529412 0.27450980
v 0.17002176 -0.08449842 1.05149138 0.88235294 0.23529412 0.27450980
v 0.17028333 -0.08408768 1.05080116 0.88235294 0.23529412 0.27450980
v 0.17029686 -0.08396521 1.05068994 0.88235294 0.23529412 0.27450980
v 0.17035589 -0.08305939 1.05006814 0.88235294 0.23529412 0.27450980
v 0.16917606 -0.08783411 1.05750239 0.88235294 0.23529412 0.27450980
v 0.16937193 -0.08764315 1.05649161 0.88235294 0.23529412 0.27450980
v 0.16955227 -0.08736993 1.05552554 0.88235294 0.23529412 0.27450980
v 0.16971335 -0.08699460 1.05461502 0.88235294 0.23529412 0.27450980
v 0.16985986 -0.08654297 1.05374599 0.88235294 0.23529412 0.27450980
v 0.16999100 -0.08601137 1.05292046 0.88235294 0.23529412 0.27450980
v 0.17010908 -0.08541256 1.05213165 0.88235294 0.23529412 0.27450980
v 0.17021038 -0.08472681 1.05139005 0.88235294 0.23529412 0.27450980
v 0.17044507 -0.07948481 1.04868329 0.96078431 0.64705882 0.13725490
v 0.17138232 -0.07895292 1.04798269 0.96078431 0.64705882 0.13725490
v 0.16916946 -0.08819993 1.06253827 0.96078431 0.64705882 0.13725490
v 0.17040724 -0.08083664 1.04905128 0.88235294 0.23529412 0.27450980
v 0.17116939 -0.08031702 1.04831731 0.88235294 0.23529412 0.27450980
v 0.17156191 -0.08008736 1.04801106 0.88235294 0.23529412 0.27450980
v 0.16935812 -0.08853094 1.06174052 0.88235294 0.23529412 0.27450980
v 0.16913645 -0.08835811 1.06065142 0.88235294 0.23529412 0.27450980
v 0.16945475 -0.08865792 1.06131840 0.88235294 0.23529412 0.27450980
v 0.16877554 -0.08791278 1.05969656 0.88235294 0.23529412 0.27450980
v 0.17051268 -0.08217932 1.04944718 0.88235294 0.23529412 0.27450980
v 0.17114079 -0.08166894 1.04868746 0.88235294 0.23529412 0.27450980
v 0.17161599 -0.08133800 1.04821682 0.88235294 0.23529412 0.27450980
v 0.17159870 -0.08080776 1.04810202 0.88235294 0.23529412 0.27450980
v 0.16965690 -0.08889690 1.06042671 0.88235294 0.23529412 0.27450980
v 0.16957530 -0.08874519 1.05934811 0.88235294 0.23529412 0.27450980
v 0.16977707 -0.08899428 1.05988193 0.88235294 0.23529412 0.27450980
v 0.16933589 -0.08829173 1.05841744 0.88235294 0.23529412 0.27450980
v 0.17033610 -0.08400952 1.05067050 0.88235294 0.23529412 0.27450980
v 0.17075865 -0.08351317 1.04987085 0.88235294 0.23529412 0.27450980
v 0.17127770 -0.08301015 1.04908979 0.88235294 0.23529412 0.27450980
v 0.17163445 -0.08271027 1.04863977 0.88235294 0.23529412 0.27450980
v 0.17163654 -0.08222228 1.04844713 0.88235294 0.23529412 0.27450980
v 0.16992775 -0.08910964 1.05919611 0.88235294 0.23529412 0.27450980
v 0.17013299 -0.08912431 1.05806863 0.88235294 0.23529412 0.27450980
v 0.17015092 -0.08915918 1.05814004 0.88235294 0.23529412 0.27450980
v 0.16996419 -0.08866613 1.05715179 0.88235294 0.23529412 0.27450980
v 0.16989431 -0.08820161 1.05625510 0.88235294 0.23529412 0.27450980
v 0.16988772 -0.08773311 1.05537081 0.88235294 0.23529412 0.27450980
v 0.16995737 -0.08725969 1.05450177 0.88235294 0.23529412 0.27450980
v 0.17008205 -0.08678278 1.05364370 0.88235294 0.23529412 0.27450980
v 0.17025749 -0.08630262 1.05279565 0.88235294 0.23529412 0.27450980
v 0.17047796 -0.08581956 1.05195642 0.88235294 0.23529412 0.27450980
v 0.17076132 -0.08533233 1.05112958 0.88235294 0.23529412 0.27450980
v 0.17111051 -0.08484071 1.05031550 0.88235294 0.23529412 0.27450980
v 0.17153665 -0.08434383 1.04951644 0.88235294 0.23529412 0.27450980
v 0.17159270 -0.08428711 1.04942763 0.88235294 0.23529412 0.27450980
v 0.17162734 -0.08338982 1.04892683 0.88235294 0.23529412 0.27450980
v 0.17016909 -0.08916126 1.05805326 0.88235294 0.23529412 0.27450980
v 0.17039029 -0.08910433 1.05696929 0.88235294 0.23529412 0.27450980
v 0.17058833 -0.08892273 1.05595315 0.88235294 0.23529412 0.27450980
v 0.17069492 -0.08856432 1.05502367 0.88235294 0.23529412 0.27450980
v 0.17069536 -0.08875297 1.05537879 0.88235294 0.23529412 0.27450980
v 0.17076507 -0.08809053 1.05415452 0.88235294 0.23529412 0.27450980
v 0.17087506 -0.08761431 1.05329323 0.88235294 0.23529412 0.27450980
v 0.17105077 -0.08713382 1.05244517 0.88235294 0.23529412 0.27450980
v 0.17127822 -0.08664997 1.05160713 0.88235294 0.23529412 0.27450980
v 0.17136271 -0.08650114 1.05135405 0.88235294 0.23529412 0.27450980
v 0.17143603 -0.08603957 1.05083060 0.88235294 0.23529412 0.27450980
v 0.17152140 -0.08526829 1.05013514 0.88235294 0.23529412 0.27450980
v 0.17158753 -0.08439779 1.04949355 0.88235294 0.23529412 0.27450980
v 0.17076686 -0.08863675 1.05499363 0.88235294 0.23529412 0.27450980
v 0.17092749 -0.08825605 1.05408561 0.88235294 0.23529412 0.27450980
v 0.17107715 -0.08781900 1.05320811 0.88235294 0.23529412 0.27450980
v 0.17121050 -0.08729653 1.05237734 0.88235294 0.23529412 0.27450980
v 0.17133009 -0.08670302 1.05158496 0.88235294 0.23529412 0.27450980
v 0.16945955 -0.08839029 1.06299019 0.96078431 0.64705882 0.13725490
v 0.16997877 -0.08866409 1.06367290 0.96078431 0.64705882 0.13725490
v 0.17208351 -0.07978659 1.04761255 0.96078431 0.64705882 0.13725490
v 0.17268419 -0.07949180 1.04725111 0.96078431 0.64705882 0.13725490
v 0.17023207 -0.08922549 1.06263721 0.88235294 0.23529412 0.27450980
v 0.17023274 -0.08922588 1.06263804 0.88235294 0.23529412 0.27450980
v 0.16959588 -0.08879738 1.06162643 0.88235294 0.23529412 0.27450980
v 0.17188340 -0.08115050 1.04794967 0.88235294 0.23529412 0.27450980
v 0.17277077 -0.08063092 1.04725695 0.88235294 0.23529412 0.27450980
v 0.17276855 -0.08059535 1.04725456 0.88235294 0.23529412 0.27450980
v 0.17023310 -0.08922666 1.06263661 0.88235294 0.23529412 0.27450980
v 0.17036031 -0.08963302 1.06127167 0.88235294 0.23529412 0.27450980
v 0.17050239 -0.08973694 1.06151295 0.88235294 0.23529412 0.27450980
v 0.16992083 -0.08919198 1.06030035 0.88235294 0.23529412 0.27450980
v 0.17187531 -0.08250170 1.04832399 0.88235294 0.23529412 0.27450980
v 0.17261435 -0.08198331 1.04758573 0.88235294 0.23529412 0.27450980
v 0.17283404 -0.08185034 1.04740596 0.88235294 0.23529412 0.27450980
v 0.17058484 -0.08988224 1.06116533 0.88235294 0.23529412 0.27450980
v 0.17068152 -0.09002777 1.05994475 0.88235294 0.23529412 0.27450980
v 0.17080027 -0.09015562 1.06022346 0.88235294 0.23529412 0.27450980
v 0.17034502 -0.08958000 1.05899405 0.88235294 0.23529412 0.27450980
v 0.17202124 -0.08384300 1.04872870 0.88235294 0.23529412 0.27450980
v 0.17262243 -0.08333407 1.04796350 0.88235294 0.23529412 0.27450980
v 0.17287360 -0.08315042 1.04769862 0.88235294 0.23529412 0.27450980
v 0.17285249 -0.08225463 1.04746723 0.88235294 0.23529412 0.27450980
v 0.17088374 -0.09024509 1.05985332 0.88235294 0.23529412 0.27450980
v 0.17112166 -0.09041469 1.05864179 0.88235294 0.23529412 0.27450980
v 0.17113924 -0.09043877 1.05869293 0.88235294 0.23529412 0.27450980
v 0.17089847 -0.08995940 1.05771375 0.88235294 0.23529412 0.27450980
v 0.17074984 -0.08949950 1.05680084 0.88235294 0.23529412 0.27450980
v 0.17068781 -0.08903408 1.05590522 0.88235294 0.23529412 0.27450980
v 0.17154695 -0.08616348 1.05077732 0.88235294 0.23529412 0.27450980
v 0.17188245 -0.08567253 1.04996037 0.88235294 0.23529412 0.27450980
v 0.17229082 -0.08517666 1.04915774 0.88235294 0.23529412 0.27450980
v 0.17278831 -0.08467467 1.04837251 0.88235294 0.23529412 0.27450980
v 0.17286786 -0.08460460 1.04826617 0.88235294 0.23529412 0.27450980
v 0.17287993 -0.08361770 1.04784131 0.88235294 0.23529412 0.27450980
v 0.17115337 -0.09044778 1.05862796 0.88235294 0.23529412 0.27450980
v 0.17139310 -0.09048744 1.05749142 0.88235294 0.23529412 0.27450980
v 0.17152913 -0.09033364 1.05644894 0.88235294 0.23529412 0.27450980
v 0.17156351 -0.09043820 1.05665660 0.88235294 0.23529412 0.27450980
v 0.17146806 -0.08986785 1.05555320 0.88235294 0.23529412 0.27450980
v 0.17146939 -0.08939815 1.05467010 0.88235294 0.23529412 0.27450980
v 0.17153615 -0.08892429 1.05380011 0.88235294 0.23529412 0.27450980
v 0.17165828 -0.08844693 1.05294132 0.88235294 0.23529412 0.27450980
v 0.17183197 -0.08796628 1.05209255 0.88235294 0.23529412 0.27450980
v 0.17205185 -0.08748268 1.05125284 0.88235294 0.23529412 0.27450980
v 0.17233151 -0.08699514 1.05042493 0.88235294 0.23529412 0.27450980
v 0.17265762 -0.08650458 1.04960620 0.88235294 0.23529412 0.27450980
v 0.17277136 -0.08636616 1.04938209 0.88235294 0.23529412 0.27450980
v 0.17281984 -0.08574078 1.04891801 0.88235294 0.23529412 0.27450980
v 0.17286478 -0.08475705 1.04833734 0.88235294 0.23529412 0.27450980
v 0.17161292 -0.09042002 1.05641294 0.88235294 0.23529412 0.27450980
v 0.17180827 -0.09022096 1.05540586 0.88235294 0.23529412 0.27450980
v 0.17198873 -0.08994302 1.05444157 0.88235294 0.23529412 0.27450980
v 0.17215049 -0.08956601 1.05353117 0.88235294 0.23529412 0.27450980
v 0.17229803 -0.08911455 1.05266118 0.88235294 0.23529412 0.27450980
v 0.17243132 -0.08858913 1.05183148 0.88235294 0.23529412 0.27450980
v 0.17255339 -0.08800636 1.05103278 0.88235294 0.23529412 0.27450980
v 0.17265911 -0.08733865 1.05028021 0.88235294 0.23529412 0.27450980
v 0.17275167 -0.08660369 1.04956436 0.88235294 0.23529412 0.27450980
v 0.17104276 -0.08956429 1.06372833 0.96078431 0.64705882 0.13725490
v 0.17106332 -0.08962025 1.06364799 0.88235294 0.23529412 0.27450980
v 0.17279084 -0.08062038 1.04724371 0.88235294 0.23529412 0.27450980
v 0.17386277 -0.08014321 1.04669213 0.88235294 0.23529412 0.27450980
v 0.17101213 -0.09006049 1.06228590 0.88235294 0.23529412 0.27450980
v 0.17130877 -0.09021124 1.06266510 0.88235294 0.23529412 0.27450980
v 0.17356347 -0.08145006 1.04688799 0.88235294 0.23529412 0.27450980
v 0.17395276 -0.08127081 1.04667640 0.88235294 0.23529412 0.27450980
v 0.17145199 -0.09053566 1.06208551 0.88235294 0.23529412 0.27450980
v 0.17112090 -0.09046921 1.06091642 0.88235294 0.23529412 0.27450980
v 0.17156555 -0.09076580 1.06161749 0.88235294 0.23529412 0.27450980
v 0.17337197 -0.08281474 1.04722726 0.88235294 0.23529412 0.27450980
v 0.17402819 -0.08244811 1.04674911 0.88235294 0.23529412 0.27450980
v 0.17399904 -0.08191268 1.04669070 0.88235294 0.23529412 0.27450980
v 0.17180148 -0.09117457 1.06062353 0.88235294 0.23529412 0.27450980
v 0.17146353 -0.09086245 1.05959380 0.88235294 0.23529412 0.27450980
v 0.17184870 -0.09123455 1.06041753 0.88235294 0.23529412 0.27450980
v 0.17340155 -0.08416467 1.04760957 0.88235294 0.23529412 0.27450980
v 0.17407955 -0.08370762 1.04696822 0.88235294 0.23529412 0.27450980
v 0.17407566 -0.08353718 1.04692364 0.88235294 0.23529412 0.27450980
v 0.17209485 -0.09150355 1.05932975 0.88235294 0.23529412 0.27450980
v 0.17192467 -0.09124790 1.05829501 0.88235294 0.23529412 0.27450980
v 0.17217466 -0.09156288 1.05896771 0.88235294 0.23529412 0.27450980
v 0.17168325 -0.09079350 1.05736303 0.88235294 0.23529412 0.27450980
v 0.17307684 -0.08600770 1.04880559 0.88235294 0.23529412 0.27450980
v 0.17359219 -0.08550423 1.04802382 0.88235294 0.23529412 0.27450980
v 0.17409296 -0.08509641 1.04741764 0.88235294 0.23529412 0.27450980
v 0.17409565 -0.08486367 1.04731858 0.88235294 0.23529412 0.27450980
v 0.17236112 -0.09168474 1.05811596 0.88235294 0.23529412 0.27450980
v 0.17251661 -0.09162463 1.05702245 0.88235294 0.23529412 0.27450980
v 0.17255759 -0.09170220 1.05718160 0.88235294 0.23529412 0.27450980
v 0.17234543 -0.09116559 1.05610454 0.88235294 0.23529412 0.27450980
v 0.17227286 -0.09070027 1.05520642 0.88235294 0.23529412 0.27450980
v 0.17226666 -0.09023077 1.05432165 0.88235294 0.23529412 0.27450980
v 0.17233546 -0.08975649 1.05345178 0.88235294 0.23529412 0.27450980
v 0.17245747 -0.08927883 1.05259275 0.88235294 0.23529412 0.27450980
v 0.17263345 -0.08879773 1.05174434 0.88235294 0.23529412 0.27450980
v 0.17285219 -0.08831394 1.05090427 0.88235294 0.23529412 0.27450980
v 0.17313723 -0.08782576 1.05007744 0.88235294 0.23529412 0.27450980
v 0.17347081 -0.08733442 1.04925990 0.88235294 0.23529412 0.27450980
v 0.17389779 -0.08683676 1.04846072 0.88235294 0.23529412 0.27450980
v 0.17404623 -0.08668868 1.04823005 0.88235294 0.23529412 0.27450980
v 0.17407873 -0.08599701 1.04781854 0.88235294 0.23529412 0.27450980
v 0.17259707 -0.09170084 1.05699193 0.88235294 0.23529412 0.27450980
v 0.17281371 -0.09161356 1.05592394 0.88235294 0.23529412 0.27450980
v 0.17300877 -0.09141047 1.05491889 0.88235294 0.23529412 0.27450980
v 0.17313036 -0.09105923 1.05398679 0.88235294 0.23529412 0.27450980
v 0.17313161 -0.09120329 1.05425787 0.88235294 0.23529412 0.27450980
v 0.17319459 -0.09058494 1.05311584 0.88235294 0.23529412 0.27450980
v 0.17331812 -0.09010690 1.05225682 0.88235294 0.23529412 0.27450980
v 0.17348678 -0.08962601 1.05140674 0.88235294 0.23529412 0.27450980
v 0.17370878 -0.08914170 1.05056727 0.88235294 0.23529412 0.27450980
v 0.17378487 -0.08900606 1.05033660 0.88235294 0.23529412 0.27450980
v 0.17386416 -0.08853902 1.04978478 0.88235294 0.23529412 0.27450980
v 0.17395782 -0.08780738 1.04906654 0.88235294 0.23529412 0.27450980
v 0.17403038 -0.08696552 1.04840803 0.88235294 0.23529412 0.27450980
v 0.17318574 -0.09111121 1.05396605 0.88235294 0.23529412 0.27450980
v 0.17334691 -0.09072858 1.05305827 0.88235294 0.23529412 0.27450980
v 0.17349431 -0.09027418 1.05218923 0.88235294 0.23529412 0.27450980
v 0.17363063 -0.08976293 1.05135143 0.88235294 0.23529412 0.27450980
v 0.17375390 -0.08918451 1.05054986 0.88235294 0.23529412 0.27450980
v 0.17111906 -0.08963768 1.06369877 0.88235294 0.23529412 0.27450980
v 0.17195177 -0.08982633 1.06432319 0.96078431 0.64705882 0.13725490
v 0.17408119 -0.08006300 1.04661191 0.96078431 0.64705882 0.13725490
v 0.17199449 -0.09046678 1.06336737 0.88235294 0.23529412 0.27450980
v 0.17216825 -0.09051167 1.06350803 0.88235294 0.23529412 0.27450980
v 0.17494258 -0.08088631 1.04627395 0.88235294 0.23529412 0.27450980
v 0.17502359 -0.08085863 1.04624820 0.88235294 0.23529412 0.27450980
v 0.17223150 -0.09070736 1.06326842 0.88235294 0.23529412 0.27450980
v 0.17180739 -0.09089475 1.06193805 0.88235294 0.23529412 0.27450980
v 0.17239879 -0.09115222 1.06261301 0.88235294 0.23529412 0.27450980
v 0.17437056 -0.08227785 1.04653943 0.88235294 0.23529412 0.27450980
v 0.17512003 -0.08196361 1.04619110 0.88235294 0.23529412 0.27450980
v 0.17503503 -0.08097673 1.04623652 0.88235294 0.23529412 0.27450980
v 0.17264700 -0.09170929 1.06160939 0.88235294 0.23529412 0.27450980
v 0.17192912 -0.09130250 1.06057119 0.88235294 0.23529412 0.27450980
v 0.17265204 -0.09171970 1.06158864 0.88235294 0.23529412 0.27450980
v 0.17418319 -0.08364289 1.04687977 0.88235294 0.23529412 0.27450980
v 0.17520133 -0.08312063 1.04622638 0.88235294 0.23529412 0.27450980
v 0.17519796 -0.08306071 1.04622054 0.88235294 0.23529412 0.27450980
v 0.17280191 -0.09213176 1.06023908 0.88235294 0.23529412 0.27450980
v 0.17292900 -0.09221019 1.06042743 0.88235294 0.23529412 0.27450980
v 0.17228922 -0.09169450 1.05925202 0.88235294 0.23529412 0.27450980
v 0.17422694 -0.08499252 1.04726529 0.88235294 0.23529412 0.27450980
v 0.17505202 -0.08446752 1.04654408 0.88235294 0.23529412 0.27450980
v 0.17525950 -0.08435666 1.04640269 0.88235294 0.23529412 0.27450980
v 0.17299019 -0.09230974 1.06016803 0.88235294 0.23529412 0.27450980
v 0.17316468 -0.09252352 1.05892062 0.88235294 0.23529412 0.27450980
v 0.17323944 -0.09259109 1.05907154 0.88235294 0.23529412 0.27450980
v 0.17276618 -0.09207883 1.05795646 0.88235294 0.23529412 0.27450980
v 0.17442097 -0.08633252 1.04768062 0.88235294 0.23529412 0.27450980
v 0.17509492 -0.08581787 1.04692984 0.88235294 0.23529412 0.27450980
v 0.17528874 -0.08569106 1.04675400 0.88235294 0.23529412 0.27450980
v 0.17527208 -0.08467585 1.04645944 0.88235294 0.23529412 0.27450980
v 0.17328238 -0.09262943 1.05887914 0.88235294 0.23529412 0.27450980
v 0.17354497 -0.09278779 1.05767775 0.88235294 0.23529412 0.27450980
v 0.17340802 -0.09245218 1.05669403 0.88235294 0.23529412 0.27450980
v 0.17360538 -0.09278863 1.05738974 0.88235294 0.23529412 0.27450980
v 0.17322078 -0.09199389 1.05577242 0.88235294 0.23529412 0.27450980
v 0.17313556 -0.09152910 1.05487144 0.88235294 0.23529412 0.27450980
v 0.17398562 -0.08865385 1.04973853 0.88235294 0.23529412 0.27450980
v 0.17433633 -0.08816105 1.04892433 0.88235294 0.23529412 0.27450980
v 0.17478068 -0.08766194 1.04812872 0.88235294 0.23529412 0.27450980
v 0.17526367 -0.08720963 1.04743361 0.88235294 0.23529412 0.27450980
v 0.17526889 -0.08710825 1.04737115 0.88235294 0.23529412 0.27450980
v 0.17529072 -0.08599851 1.04685736 0.88235294 0.23529412 0.27450980
v 0.17377785 -0.09278470 1.05656397 0.88235294 0.23529412 0.27450980
v 0.17399396 -0.09269251 1.05549836 0.88235294 0.23529412 0.27450980
v 0.17404729 -0.09235496 1.05454683 0.88235294 0.23529412 0.27450980
v 0.17409152 -0.09258602 1.05499506 0.88235294 0.23529412 0.27450980
v 0.17402875 -0.09188568 1.05365908 0.88235294 0.23529412 0.27450980
v 0.17408824 -0.09141143 1.05278695 0.88235294 0.23529412 0.27450980
v 0.17420489 -0.09093356 1.05192649 0.88235294 0.23529412 0.27450980
v 0.17437781 -0.09045210 1.05107713 0.88235294 0.23529412 0.27450980
v 0.17460811 -0.08996696 1.05023909 0.88235294 0.23529412 0.27450980
v 0.17489664 -0.08947802 1.04941249 0.88235294 0.23529412 0.27450980
v 0.17510441 -0.08918156 1.04892206 0.88235294 0.23529412 0.27450980
v 0.17514253 -0.08889428 1.04863334 0.88235294 0.23529412 0.27450980
v 0.17521691 -0.08805969 1.04797053 0.88235294 0.23529412 0.27450980
v 0.17418703 -0.09247659 1.05449986 0.88235294 0.23529412 0.27450980
v 0.17436522 -0.09218210 1.05354393 0.88235294 0.23529412 0.27450980
v 0.17452651 -0.09179825 1.05263662 0.88235294 0.23529412 0.27450980
v 0.17467494 -0.09134759 1.05176544 0.88235294 0.23529412 0.27450980
v 0.17481121 -0.09083414 1.05092824 0.88235294 0.23529412 0.27450980
v 0.17493460 -0.09025396 1.05012727 0.88235294 0.23529412 0.27450980
v 0.17504539 -0.08960912 1.04936135 0.88235294 0.23529412 0.27450980
v 0.17287068 -0.08993395 1.06482363 0.96078431 0.64705882 0.13725490
v 0.17307517 -0.09065822 1.06407738 0.88235294 0.23529412 0.27450980
v 0.17605937 -0.08056995 1.04604208 0.96078431 0.64705882 0.13725490
v 0.17293923 -0.09129158 1.06305003 0.88235294 0.23529412 0.27450980
v 0.17328881 -0.09135383 1.06328046 0.88235294 0.23529412 0.27450980
v 0.17593724 -0.08170078 1.04596245 0.88235294 0.23529412 0.27450980
v 0.17616740 -0.08163515 1.04591382 0.88235294 0.23529412 0.27450980
v 0.17338611 -0.09165796 1.06291378 0.88235294 0.23529412 0.27450980
v 0.17266563 -0.09172512 1.06160319 0.88235294 0.23529412 0.27450980
v 0.17351490 -0.09200989 1.06241310 0.88235294 0.23529412 0.27450980
v 0.17524756 -0.08310125 1.04620504 0.88235294 0.23529412 0.27450980
v 0.17626609 -0.08273223 1.04584193 0.88235294 0.23529412 0.27450980
v 0.17619373 -0.08190436 1.04588604 0.88235294 0.23529412 0.27450980
v 0.17366599 -0.09254633 1.06129742 0.88235294 0.23529412 0.27450980
v 0.17376682 -0.09258283 1.06139851 0.88235294 0.23529412 0.27450980
v 0.17626089 -0.08391561 1.04589784 0.88235294 0.23529412 0.27450980
v 0.17634924 -0.08388256 1.04586458 0.88235294 0.23529412 0.27450980
v 0.17380185 -0.09265749 1.06125605 0.88235294 0.23529412 0.27450980
v 0.17376167 -0.09295554 1.05992496 0.88235294 0.23529412 0.27450980
v 0.17403845 -0.09309183 1.06027043 0.88235294 0.23529412 0.27450980
v 0.17601317 -0.08528619 1.04622698 0.88235294 0.23529412 0.27450980
v 0.17641245 -0.08510092 1.04600811 0.88235294 0.23529412 0.27450980
v 0.17635673 -0.08399273 1.04586887 0.88235294 0.23529412 0.27450980
v 0.17414534 -0.09325703 1.05981541 0.88235294 0.23529412 0.27450980
v 0.17417985 -0.09334349 1.05861747 0.88235294 0.23529412 0.27450980
v 0.17435083 -0.09346773 1.05890596 0.88235294 0.23529412 0.27450980
v 0.17368916 -0.09290460 1.05763459 0.88235294 0.23529412 0.27450980
v 0.17532697 -0.08715589 1.04735291 0.88235294 0.23529412 0.27450980
v 0.17607686 -0.08663574 1.04661715 0.88235294 0.23529412 0.27450980
v 0.17644444 -0.08642559 1.04634106 0.88235294 0.23529412 0.27450980
v 0.17643204 -0.08561769 1.04610348 0.88235294 0.23529412 0.27450980
v 0.17443155 -0.09354121 1.05854571 0.88235294 0.23529412 0.27450980
v 0.17469396 -0.09369673 1.05734563 0.88235294 0.23529412 0.27450980
v 0.17438832 -0.09327407 1.05638349 0.88235294 0.23529412 0.27450980
v 0.17470752 -0.09369706 1.05728102 0.88235294 0.23529412 0.27450980
v 0.17415036 -0.09281886 1.05545163 0.88235294 0.23529412 0.27450980
v 0.17525306 -0.08898459 1.04859936 0.88235294 0.23529412 0.27450980
v 0.17573494 -0.08848265 1.04781103 0.88235294 0.23529412 0.27450980
v 0.17634936 -0.08797164 1.04704869 0.88235294 0.23529412 0.27450980
v 0.17642733 -0.08791662 1.04697061 0.88235294 0.23529412 0.27450980
v 0.17644840 -0.08693080 1.04650736 0.88235294 0.23529412 0.27450980
v 0.17492530 -0.09368367 1.05623698 0.88235294 0.23529412 0.27450980
v 0.17513874 -0.09357492 1.05518007 0.88235294 0.23529412 0.27450980
v 0.17508547 -0.09317261 1.05424786 0.88235294 0.23529412 0.27450980
v 0.17518583 -0.09352230 1.05493701 0.88235294 0.23529412 0.27450980
v 0.17503171 -0.09270540 1.05335271 0.88235294 0.23529412 0.27450980
v 0.17508036 -0.09223157 1.05247831 0.88235294 0.23529412 0.27450980
v 0.17519110 -0.09175381 1.05161631 0.88235294 0.23529412 0.27450980
v 0.17536987 -0.09127168 1.05076790 0.88235294 0.23529412 0.27450980
v 0.17560914 -0.09078562 1.04993153 0.88235294 0.23529412 0.27450980
v 0.17592704 -0.09029440 1.04911065 0.88235294 0.23529412 0.27450980
v 0.17629066 -0.08981162 1.04832041 0.88235294 0.23529412 0.27450980
v 0.17629305 -0.08979446 1.04830253 0.88235294 0.23529412 0.27450980
v 0.17636943 -0.08896869 1.04763436 0.88235294 0.23529412 0.27450980
v 0.17642376 -0.08802786 1.04702842 0.88235294 0.23529412 0.27450980
v 0.17533109 -0.09335345 1.05418432 0.88235294 0.23529412 0.27450980
v 0.17550957 -0.09305904 1.05322814 0.88235294 0.23529412 0.27450980
v 0.17567036 -0.09267087 1.05232263 0.88235294 0.23529412 0.27450980
v 0.17582087 -0.09222999 1.05144572 0.88235294 0.23529412 0.27450980
v 0.17595735 -0.09171589 1.05060863 0.88235294 0.23529412 0.27450980
v 0.17608206 -0.09114133 1.04980409 0.88235294 0.23529412 0.27450980
v 0.17619267 -0.09049371 1.04903936 0.88235294 0.23529412 0.27450980
v 0.17399982 -0.09074734 1.06454480 0.96078431 0.64705882 0.13725490
v 0.17708167 -0.08032859 1.04592156 0.96078431 0.64705882 0.13725490
v 0.17420016 -0.09148614 1.06382430 0.88235294 0.23529412 0.27450980
v 0.17720011 -0.08135786 1.04572868 0.88235294 0.23529412 0.27450980
v 0.17394173 -0.09211288 1.06274486 0.88235294 0.23529412 0.27450980
v 0.17441089 -0.09219225 1.06304598 0.88235294 0.23529412 0.27450980
v 0.17697039 -0.08251318 1.04565907 0.88235294 0.23529412 0.27450980
v 0.17730935 -0.08241871 1.04559171 0.88235294 0.23529412 0.27450980
v 0.17454028 -0.09260478 1.06256199 0.88235294 0.23529412 0.27450980
v 0.17463230 -0.09286455 1.06220758 0.88235294 0.23529412 0.27450980
v 0.17734869 -0.08281323 1.04554665 0.88235294 0.23529412 0.27450980
v 0.17741182 -0.08350241 1.04549503 0.88235294 0.23529412 0.27450980
v 0.17465363 -0.09336872 1.06098938 0.88235294 0.23529412 0.27450980
v 0.17488077 -0.09344973 1.06121492 0.88235294 0.23529412 0.27450980
v 0.17726405 -0.08473126 1.04558921 0.88235294 0.23529412 0.27450980
v 0.17749715 -0.08464506 1.04550290 0.88235294 0.23529412 0.27450980
v 0.17495862 -0.09361559 1.06089830 0.88235294 0.23529412 0.27450980
v 0.17478038 -0.09377571 1.05962300 0.88235294 0.23529412 0.27450980
v 0.17515126 -0.09396356 1.06009555 0.88235294 0.23529412 0.27450980
v 0.17702296 -0.08610199 1.04591990 0.88235294 0.23529412 0.27450980
v 0.17756362 -0.08585199 1.04562521 0.88235294 0.23529412 0.27450980
v 0.17751646 -0.08493121 1.04551470 0.88235294 0.23529412 0.27450980
v 0.17529926 -0.09419652 1.05946767 0.88235294 0.23529412 0.27450980
v 0.17519182 -0.09416403 1.05831409 0.88235294 0.23529412 0.27450980
v 0.17545679 -0.09436292 1.05877304 0.88235294 0.23529412 0.27450980
v 0.17472571 -0.09372308 1.05733573 0.88235294 0.23529412 0.27450980
v 0.17708647 -0.08745223 1.04631054 0.88235294 0.23529412 0.27450980
v 0.17760052 -0.08715962 1.04592705 0.88235294 0.23529412 0.27450980
v 0.17759094 -0.08655487 1.04575098 0.88235294 0.23529412 0.27450980
v 0.17558385 -0.09446993 1.05820358 0.88235294 0.23529412 0.27450980
v 0.17575952 -0.09454209 1.05703664 0.88235294 0.23529412 0.27450980
v 0.17581345 -0.09459369 1.05715108 0.88235294 0.23529412 0.27450980
v 0.17543495 -0.09409185 1.05608678 0.88235294 0.23529412 0.27450980
v 0.17521290 -0.09363521 1.05515766 0.88235294 0.23529412 0.27450980
v 0.17629929 -0.08979963 1.04830062 0.88235294 0.23529412 0.27450980
v 0.17677727 -0.08929773 1.04751134 0.88235294 0.23529412 0.27450980
v 0.17738417 -0.08878704 1.04674757 0.88235294 0.23529412 0.27450980
v 0.17758493 -0.08864520 1.04654586 0.88235294 0.23529412 0.27450980
v 0.17760366 -0.08785095 1.04616475 0.88235294 0.23529412 0.27450980
v 0.17584288 -0.09460499 1.05701447 0.88235294 0.23529412 0.27450980
v 0.17607176 -0.09457659 1.05591393 0.88235294 0.23529412 0.27450980
v 0.17627496 -0.09445198 1.05486405 0.88235294 0.23529412 0.27450980
v 0.17627954 -0.09446116 1.05488300 0.88235294 0.23529412 0.27450980
v 0.17615540 -0.09398849 1.05395555 0.88235294 0.23529412 0.27450980
v 0.17610346 -0.09352084 1.05306065 0.88235294 0.23529412 0.27450980
v 0.17614740 -0.09304702 1.05218506 0.88235294 0.23529412 0.27450980
v 0.17624958 -0.09256954 1.05132103 0.88235294 0.23529412 0.27450980
v 0.17642285 -0.09208748 1.05047131 0.88235294 0.23529412 0.27450980
v 0.17666325 -0.09160110 1.04963505 0.88235294 0.23529412 0.27450980
v 0.17697495 -0.09111004 1.04881287 0.88235294 0.23529412 0.27450980
v 0.17735741 -0.09061432 1.04800463 0.88235294 0.23529412 0.27450980
v 0.17745736 -0.09050894 1.04783893 0.88235294 0.23529412 0.27450980
v 0.17752039 -0.08986994 1.04730320 0.88235294 0.23529412 0.27450980
v 0.17757571 -0.08893219 1.04669499 0.88235294 0.23529412 0.27450980
v 0.17628375 -0.09445845 1.05486190 0.88235294 0.23529412 0.27450980
v 0.17647389 -0.09422312 1.05387342 0.88235294 0.23529412 0.27450980
v 0.17665313 -0.09393156 1.05291533 0.88235294 0.23529412 0.27450980
v 0.17681572 -0.09355184 1.05200505 0.88235294 0.23529412 0.27450980
v 0.17696673 -0.09311217 1.05112720 0.88235294 0.23529412 0.27450980
v 0.17710459 -0.09260406 1.05028641 0.88235294 0.23529412 0.27450980
v 0.17723027 -0.09203313 1.04947948 0.88235294 0.23529412 0.27450980
v 0.17734137 -0.09138638 1.04871392 0.88235294 0.23529412 0.27450980
v 0.17744008 -0.09067617 1.04798245 0.88235294 0.23529412 0.27450980
v 0.17513452 -0.09154399 1.06423616 0.88235294 0.23529412 0.27450980
v 0.17812583 -0.08048439 1.04584622 0.96078431 0.64705882 0.13725490
v 0.17821309 -0.08115012 1.04566860 0.88235294 0.23529412 0.27450980
v 0.17533392 -0.09228696 1.06352329 0.88235294 0.23529412 0.27450980
v 0.17833325 -0.08217312 1.04546380 0.88235294 0.23529412 0.27450980
v 0.17499800 -0.09293097 1.06245077 0.88235294 0.23529412 0.27450980
v 0.17554250 -0.09300106 1.06275916 0.88235294 0.23529412 0.27450980
v 0.17807183 -0.08332141 1.04536951 0.88235294 0.23529412 0.27450980
v 0.17844439 -0.08322719 1.04531384 0.88235294 0.23529412 0.27450980
v 0.17567123 -0.09342151 1.06228137 0.88235294 0.23529412 0.27450980
v 0.17576095 -0.09368383 1.06193936 0.88235294 0.23529412 0.27450980
v 0.17848329 -0.08361340 1.04526734 0.88235294 0.23529412 0.27450980
v 0.17854849 -0.08430499 1.04520571 0.88235294 0.23529412 0.27450980
v 0.17573003 -0.09418554 1.06069946 0.88235294 0.23529412 0.27450980
v 0.17600939 -0.09427020 1.06094885 0.88235294 0.23529412 0.27450980
v 0.17836016 -0.08554099 1.04529941 0.88235294 0.23529412 0.27450980
v 0.17863345 -0.08544871 1.04521489 0.88235294 0.23529412 0.27450980
v 0.17609461 -0.09445706 1.06060445 0.88235294 0.23529412 0.27450980
v 0.17582268 -0.09459464 1.05932617 0.88235294 0.23529412 0.27450980
v 0.17627603 -0.09479731 1.05985320 0.88235294 0.23529412 0.27450980
v 0.17807713 -0.08691524 1.04562211 0.88235294 0.23529412 0.27450980
v 0.17870161 -0.08664958 1.04532564 0.88235294 0.23529412 0.27450980
v 0.17865409 -0.08575115 1.04522574 0.88235294 0.23529412 0.27450980
v 0.17643692 -0.09504522 1.05916977 0.88235294 0.23529412 0.27450980
v 0.17627184 -0.09498036 1.05802488 0.88235294 0.23529412 0.27450980
v 0.17658311 -0.09519250 1.05852365 0.88235294 0.23529412 0.27450980
v 0.17816652 -0.08826432 1.04601824 0.88235294 0.23529412 0.27450980
v 0.17873748 -0.08796030 1.04563200 0.88235294 0.23529412 0.27450980
v 0.17872891 -0.08737916 1.04546070 0.88235294 0.23529412 0.27450980
v 0.17671877 -0.09530170 1.05791473 0.88235294 0.23529412 0.27450980
v 0.17687976 -0.09535570 1.05675554 0.88235294 0.23529412 0.27450980
v 0.17694350 -0.09541211 1.05688214 0.88235294 0.23529412 0.27450980
v 0.17652579 -0.09490705 1.05579948 0.88235294 0.23529412 0.27450980
v 0.17785159 -0.09011108 1.04721844 0.88235294 0.23529412 0.27450980
v 0.17849940 -0.08959739 1.04646277 0.88235294 0.23529412 0.27450980
v 0.17872027 -0.08945115 1.04625940 0.88235294 0.23529412 0.27450980
v 0.17873994 -0.08866841 1.04587877 0.88235294 0.23529412 0.27450980
v 0.17697570 -0.09542357 1.05673265 0.88235294 0.23529412 0.27450980
v 0.17720239 -0.09538177 1.05563915 0.88235294 0.23529412 0.27450980
v 0.17741275 -0.09525323 1.05459237 0.88235294 0.23529412 0.27450980
v 0.17728759 -0.09480058 1.05367625 0.88235294 0.23529412 0.27450980
v 0.17742094 -0.09524314 1.05454981 0.88235294 0.23529412 0.27450980
v 0.17721707 -0.09433386 1.05277729 0.88235294 0.23529412 0.27450980
v 0.17724365 -0.09386089 1.05189788 0.88235294 0.23529412 0.27450980
v 0.17734087 -0.09338346 1.05103290 0.88235294 0.23529412 0.27450980
v 0.17751332 -0.09290119 1.05018270 0.88235294 0.23529412 0.27450980
v 0.17775737 -0.09241427 1.04934692 0.88235294 0.23529412 0.27450980
v 0.17808358 -0.09192197 1.04852760 0.88235294 0.23529412 0.27450980
v 0.17848673 -0.09142460 1.04772317 0.88235294 0.23529412 0.27450980
v 0.17859060 -0.09132111 1.04756248 0.88235294 0.23529412 0.27450980
v 0.17865407 -0.09067737 1.04702377 0.88235294 0.23529412 0.27450980
v 0.17871052 -0.08974397 1.04641259 0.88235294 0.23529412 0.27450980
v 0.17760301 -0.09501737 1.05360401 0.88235294 0.23529412 0.27450980
v 0.17778203 -0.09472330 1.05264688 0.88235294 0.23529412 0.27450980
v 0.17794600 -0.09434985 1.05173290 0.88235294 0.23529412 0.27450980
v 0.17809701 -0.09390873 1.05085552 0.88235294 0.23529412 0.27450980
v 0.17823640 -0.09340765 1.05001056 0.88235294 0.23529412 0.27450980
v 0.17836323 -0.09284152 1.04920089 0.88235294 0.23529412 0.27450980
v 0.17847462 -0.09219486 1.04843462 0.88235294 0.23529412 0.27450980
v 0.17857367 -0.09148475 1.04770291 0.88235294 0.23529412 0.27450980
v 0.17604791 -0.09136380 1.06467438 0.96078431 0.64705882 0.13725490
v 0.17608821 -0.09153977 1.06453800 0.88235294 0.23529412 0.27450980
v 0.17920460 -0.08101844 1.04574549 0.88235294 0.23529412 0.27450980
v 0.17627735 -0.09231581 1.06388366 0.88235294 0.23529412 0.27450980
v 0.17933625 -0.08200112 1.04546809 0.88235294 0.23529412 0.27450980
v 0.17647502 -0.09306535 1.06318235 0.88235294 0.23529412 0.27450980
v 0.17945835 -0.08301707 1.04524982 0.88235294 0.23529412 0.27450980
v 0.17619139 -0.09374034 1.06218505 0.88235294 0.23529412 0.27450980
v 0.17668191 -0.09378578 1.06242943 0.88235294 0.23529412 0.27450980
v 0.17931184 -0.08412059 1.04510796 0.88235294 0.23529412 0.27450980
v 0.17957203 -0.08406194 1.04508257 0.88235294 0.23529412 0.27450980
v 0.17677680 -0.09409631 1.06207836 0.88235294 0.23529412 0.27450980
v 0.17690158 -0.09446554 1.06160450 0.88235294 0.23529412 0.27450980
v 0.17959517 -0.08429184 1.04505467 0.88235294 0.23529412 0.27450980
v 0.17967543 -0.08514201 1.04497755 0.88235294 0.23529412 0.27450980
v 0.17689036 -0.09499717 1.06042719 0.88235294 0.23529412 0.27450980
v 0.17714719 -0.09506173 1.06063151 0.88235294 0.23529412 0.27450980
v 0.17955616 -0.08634437 1.04502988 0.88235294 0.23529412 0.27450980
v 0.17976190 -0.08628023 1.04497635 0.88235294 0.23529412 0.27450980
v 0.17721462 -0.09520955 1.06035936 0.88235294 0.23529412 0.27450980
v 0.17696220 -0.09540746 1.05904949 0.88235294 0.23529412 0.27450980
v 0.17741539 -0.09558468 1.05952859 0.88235294 0.23529412 0.27450980
v 0.17924623 -0.08772107 1.04534745 0.88235294 0.23529412 0.27450980
v 0.17982626 -0.08749381 1.04510903 0.88235294 0.23529412 0.27450980
v 0.17977501 -0.08648120 1.04498625 0.88235294 0.23529412 0.27450980
v 0.17755914 -0.09580798 1.05891919 0.88235294 0.23529412 0.27450980
v 0.17743596 -0.09579144 1.05775309 0.88235294 0.23529412 0.27450980
v 0.17772545 -0.09597081 1.05818319 0.88235294 0.23529412 0.27450980
v 0.17935024 -0.08906980 1.04574692 0.88235294 0.23529412 0.27450980
v 0.17985830 -0.08881730 1.04543746 0.88235294 0.23529412 0.27450980
v 0.17984906 -0.08810751 1.04522276 0.88235294 0.23529412 0.27450980
v 0.17784047 -0.09606013 1.05766630 0.88235294 0.23529412 0.27450980
v 0.17807278 -0.09616480 1.05648959 0.88235294 0.23529412 0.27450980
v 0.17808971 -0.09617839 1.05652058 0.88235294 0.23529412 0.27450980
v 0.17769349 -0.09571745 1.05552793 0.88235294 0.23529412 0.27450980
v 0.17742702 -0.09526307 1.05458915 0.88235294 0.23529412 0.27450980
v 0.17901170 -0.09091903 1.04694307 0.88235294 0.23529412 0.27450980
v 0.17969792 -0.09040252 1.04619491 0.88235294 0.23529412 0.27450980
v 0.17983921 -0.09031370 1.04607379 0.88235294 0.23529412 0.27450980
v 0.17986064 -0.08940194 1.04563880 0.88235294 0.23529412 0.27450980
v 0.17809749 -0.09618106 1.05648446 0.88235294 0.23529412 0.27450980
v 0.17832369 -0.09613522 1.05539286 0.88235294 0.23529412 0.27450980
v 0.17853352 -0.09600273 1.05434811 0.88235294 0.23529412 0.27450980
v 0.17848681 -0.09560858 1.05341089 0.88235294 0.23529412 0.27450980
v 0.17859146 -0.09592974 1.05404723 0.88235294 0.23529412 0.27450980
v 0.17841116 -0.09514186 1.05251062 0.88235294 0.23529412 0.27450980
v 0.17842525 -0.09466943 1.05162835 0.88235294 0.23529412 0.27450980
v 0.17851627 -0.09419210 1.05076182 0.88235294 0.23529412 0.27450980
v 0.17868519 -0.09370980 1.04991078 0.88235294 0.23529412 0.27450980
v 0.17893133 -0.09322248 1.04907525 0.88235294 0.23529412 0.27450980
v 0.17927583 -0.09272867 1.04825926 0.88235294 0.23529412 0.27450980
v 0.17969495 -0.09222997 1.04745793 0.88235294 0.23529412 0.27450980
v 0.17969576 -0.09222921 1.04745674 0.88235294 0.23529412 0.27450980
v 0.17977610 -0.09142169 1.04677904 0.88235294 0.23529412 0.27450980
v 0.17983340 -0.09049106 1.04616606 0.88235294 0.23529412 0.27450980
v 0.17872232 -0.09575757 1.05336428 0.88235294 0.23529412 0.27450980
v 0.17889988 -0.09545422 1.05241203 0.88235294 0.23529412 0.27450980
v 0.17906362 -0.09507833 1.05149913 0.88235294 0.23529412 0.27450980
v 0.17921621 -0.09464476 1.05061722 0.88235294 0.23529412 0.27450980
v 0.17935500 -0.09413902 1.04977441 0.88235294 0.23529412 0.27450980
v 0.17948213 -0.09357324 1.04896414 0.88235294 0.23529412 0.27450980
v 0.17959432 -0.09292958 1.04819608 0.88235294 0.23529412 0.27450980
v 0.17969564 -0.09223040 1.04745793 0.88235294 0.23529412 0.27450980
v 0.17705762 -0.09148499 1.06474996 0.96078431 0.64705882 0.13725490
v 0.18017851 -0.08094913 1.04593480 0.96078431 0.64705882 0.13725490
v 0.17723873 -0.09228706 1.06414199 0.88235294 0.23529412 0.27450980
v 0.18032011 -0.08189677 1.04559422 0.88235294 0.23529412 0.27450980
v 0.17742714 -0.09306646 1.06349373 0.88235294 0.23529412 0.27450980
v 0.18045300 -0.08287488 1.04530787 0.88235294 0.23529412 0.27450980
v 0.17762347 -0.09382118 1.06280160 0.88235294 0.23529412 0.27450980
v 0.18057671 -0.08388484 1.04507780 0.88235294 0.23529412 0.27450980
v 0.17763110 -0.09453395 1.06196964 0.88235294 0.23529412 0.27450980
v 0.17782901 -0.09454675 1.06205773 0.88235294 0.23529412 0.27450980
v 0.18068445 -0.08484897 1.04490852 0.88235294 0.23529412 0.27450980
v 0.18069251 -0.08492212 1.04489636 0.88235294 0.23529412 0.27450980
v 0.17786103 -0.09465250 1.06193984 0.88235294 0.23529412 0.27450980
v 0.17804992 -0.09522331 1.06122708 0.88235294 0.23529412 0.27450980
v 0.18079597 -0.08600160 1.04478955 0.88235294 0.23529412 0.27450980
v 0.17817718 -0.09580081 1.06018066 0.88235294 0.23529412 0.27450980
v 0.17829368 -0.09582618 1.06026614 0.88235294 0.23529412 0.27450980
v 0.18088144 -0.08713375 1.04478955 0.88235294 0.23529412 0.27450980
v 0.18088192 -0.08714122 1.04479003 0.88235294 0.23529412 0.27450980
v 0.17832130 -0.09588765 1.06015503 0.88235294 0.23529412 0.27450980
v 0.17819667 -0.09621435 1.05879223 0.88235294 0.23529412 0.27450980
v 0.17856377 -0.09634351 1.05915332 0.88235294 0.23529412 0.27450980
v 0.18052825 -0.08851968 1.04509592 0.88235294 0.23529412 0.27450980
v 0.18094279 -0.08836655 1.04494298 0.88235294 0.23529412 0.27450980
v 0.17867129 -0.09651461 1.05869913 0.88235294 0.23529412 0.27450980
v 0.17866831 -0.09659837 1.05749536 0.88235294 0.23529412 0.27450980
v 0.17887677 -0.09672064 1.05779207 0.88235294 0.23529412 0.27450980
v 0.18060404 -0.08987100 1.04549015 0.88235294 0.23529412 0.27450980
v 0.18097255 -0.08969718 1.04528332 0.88235294 0.23529412 0.27450980
v 0.18095832 -0.08877759 1.04501724 0.88235294 0.23529412 0.27450980
v 0.17895567 -0.09678224 1.05743790 0.88235294 0.23529412 0.27450980
v 0.17921361 -0.09690704 1.05625379 0.88235294 0.23529412 0.27450980
v 0.17892805 -0.09652380 1.05527020 0.88235294 0.23529412 0.27450980
v 0.17924961 -0.09690049 1.05608046 0.88235294 0.23529412 0.27450980
v 0.17863704 -0.09607067 1.05432630 0.88235294 0.23529412 0.27450980
v 0.18024871 -0.09172222 1.04668355 0.88235294 0.23529412 0.27450980
v 0.18094875 -0.09120867 1.04594564 0.88235294 0.23529412 0.27450980
v 0.18094924 -0.09120052 1.04594040 0.88235294 0.23529412 0.27450980
v 0.18097417 -0.09009704 1.04542041 0.88235294 0.23529412 0.27450980
v 0.17943580 -0.09683811 1.05517435 0.88235294 0.23529412 0.27450980
v 0.17964453 -0.09669816 1.05413353 0.88235294 0.23529412 0.27450980
v 0.17977154 -0.09641124 1.05316305 0.88235294 0.23529412 0.27450980
v 0.17979959 -0.09649260 1.05332470 0.88235294 0.23529412 0.27450980
v 0.17968655 -0.09594481 1.05226064 0.88235294 0.23529412 0.27450980
v 0.17969115 -0.09547271 1.05137634 0.88235294 0.23529412 0.27450980
v 0.17977843 -0.09499534 1.05050874 0.88235294 0.23529412 0.27450980
v 0.17995144 -0.09451246 1.04965818 0.88235294 0.23529412 0.27450980
v 0.18020213 -0.09402455 1.04882336 0.88235294 0.23529412 0.27450980
v 0.18054871 -0.09353037 1.04800749 0.88235294 0.23529412 0.27450980
v 0.18075758 -0.09328452 1.04761362 0.88235294 0.23529412 0.27450980
v 0.18080890 -0.09292874 1.04723907 0.88235294 0.23529412 0.27450980
v 0.18088850 -0.09211385 1.04656315 0.88235294 0.23529412 0.27450980
v 0.17983255 -0.09644770 1.05315232 0.88235294 0.23529412 0.27450980
v 0.18000853 -0.09613462 1.05220497 0.88235294 0.23529412 0.27450980
v 0.18017267 -0.09575975 1.05129123 0.88235294 0.23529412 0.27450980
v 0.18032484 -0.09532282 1.05041087 0.88235294 0.23529412 0.27450980
v 0.18046442 -0.09482034 1.04956603 0.88235294 0.23529412 0.27450980
v 0.18059210 -0.09425637 1.04875433 0.88235294 0.23529412 0.27450980
v 0.18070665 -0.09362422 1.04797959 0.88235294 0.23529412 0.27450980
v 0.17804059 -0.09138666 1.06488490 0.96078431 0.64705882 0.13725490
v 0.18113802 -0.08093096 1.04621589 0.96078431 0.64705882 0.13725490
v 0.17821501 -0.09221032 1.06431508 0.88235294 0.23529412 0.27450980
v 0.18128589 -0.08185639 1.04583561 0.88235294 0.23529412 0.27450980
v 0.17839569 -0.09301470 1.06371117 0.88235294 0.23529412 0.27450980
v 0.18142793 -0.08280225 1.04549098 0.88235294 0.23529412 0.27450980
v 0.17858374 -0.09379619 1.06306648 0.88235294 0.23529412 0.27450980
v 0.18156250 -0.08377419 1.04519272 0.88235294 0.23529412 0.27450980
v 0.17878035 -0.09455080 1.06237435 0.88235294 0.23529412 0.27450980
v 0.18083757 -0.08490057 1.04490328 0.88235294 0.23529412 0.27450980
v 0.18168816 -0.08477708 1.04494929 0.88235294 0.23529412 0.27450980
v 0.17891428 -0.09503709 1.06189454 0.88235294 0.23529412 0.27450980
v 0.17898497 -0.09528019 1.06163728 0.88235294 0.23529412 0.27450980
v 0.18173939 -0.08522091 1.04486299 0.88235294 0.23529412 0.27450980
v 0.18180531 -0.08580922 1.04475772 0.88235294 0.23529412 0.27450980
v 0.17921154 -0.09593907 1.06077552 0.88235294 0.23529412 0.27450980
v 0.18089202 -0.08713867 1.04478848 0.88235294 0.23529412 0.27450980
v 0.18190384 -0.08690559 1.04468048 0.88235294 0.23529412 0.27450980
v 0.17940488 -0.09643784 1.06002021 0.88235294 0.23529412 0.27450980
v 0.17945297 -0.09654998 1.05982864 0.88235294 0.23529412 0.27450980
v 0.18196185 -0.08764575 1.04466939 0.88235294 0.23529412 0.27450980
v 0.18198828 -0.08804989 1.04468846 0.88235294 0.23529412 0.27450980
v 0.17957292 -0.09701228 1.05856419 0.88235294 0.23529412 0.27450980
v 0.17972703 -0.09705488 1.05869412 0.88235294 0.23529412 0.27450980
v 0.18196982 -0.08930793 1.04487646 0.88235294 0.23529412 0.27450980
v 0.18204680 -0.08928259 1.04485381 0.88235294 0.23529412 0.27450980
v 0.17976396 -0.09711345 1.05853796 0.88235294 0.23529412 0.27450980
v 0.18003096 -0.09739709 1.05726445 0.88235294 0.23529412 0.27450980
v 0.18004835 -0.09740523 1.05728543 0.88235294 0.23529412 0.27450980
v 0.17932430 -0.09697041 1.05623591 0.88235294 0.23529412 0.27450980
v 0.18095578 -0.09120412 1.04593945 0.88235294 0.23529412 0.27450980
v 0.18201230 -0.09066218 1.04526460 0.88235294 0.23529412 0.27450980
v 0.18206900 -0.09063829 1.04523814 0.88235294 0.23529412 0.27450980
v 0.18204919 -0.08934825 1.04486609 0.88235294 0.23529412 0.27450980
v 0.18005367 -0.09740911 1.05726147 0.88235294 0.23529412 0.27450980
v 0.18030748 -0.09751011 1.05608988 0.88235294 0.23529412 0.27450980
v 0.18031257 -0.09732058 1.05504346 0.88235294 0.23529412 0.27450980
v 0.18045743 -0.09746614 1.05536318 0.88235294 0.23529412 0.27450980
v 0.17996062 -0.09687111 1.05408680 0.88235294 0.23529412 0.27450980
v 0.18099435 -0.09302963 1.04721153 0.88235294 0.23529412 0.27450980
v 0.18163246 -0.09251595 1.04645371 0.88235294 0.23529412 0.27450980
v 0.18201014 -0.09226835 1.04611146 0.88235294 0.23529412 0.27450980
v 0.18204027 -0.09177522 1.04578805 0.88235294 0.23529412 0.27450980
v 0.18206905 -0.09069122 1.04525709 0.88235294 0.23529412 0.27450980
v 0.18052831 -0.09743260 1.05501497 0.88235294 0.23529412 0.27450980
v 0.18073449 -0.09727785 1.05398190 0.88235294 0.23529412 0.27450980
v 0.18092301 -0.09702933 1.05299926 0.88235294 0.23529412 0.27450980
v 0.18109837 -0.09671170 1.05205429 0.88235294 0.23529412 0.27450980
v 0.18113615 -0.09626442 1.05116069 0.88235294 0.23529412 0.27450980
v 0.18114351 -0.09660522 1.05180240 0.88235294 0.23529412 0.27450980
v 0.18121307 -0.09578744 1.05029070 0.88235294 0.23529412 0.27450980
v 0.18138304 -0.09530445 1.04943931 0.88235294 0.23529412 0.27450980
v 0.18164778 -0.09481532 1.04860711 0.88235294 0.23529412 0.27450980
v 0.18169914 -0.09474534 1.04849231 0.88235294 0.23529412 0.27450980
v 0.18179861 -0.09420785 1.04782379 0.88235294 0.23529412 0.27450980
v 0.18189889 -0.09350027 1.04708946 0.88235294 0.23529412 0.27450980
v 0.18197988 -0.09269183 1.04640961 0.88235294 0.23529412 0.27450980
v 0.18126139 -0.09632976 1.05114400 0.88235294 0.23529412 0.27450980
v 0.18141341 -0.09589098 1.05026424 0.88235294 0.23529412 0.27450980
v 0.18155394 -0.09539275 1.04941678 0.88235294 0.23529412 0.27450980
v 0.18168268 -0.09483331 1.04860246 0.88235294 0.23529412 0.27450980
v 0.17904142 -0.09123097 1.06491816 0.96078431 0.64705882 0.13725490
v 0.18207978 -0.08097569 1.04661036 0.96078431 0.64705882 0.13725490
v 0.17920843 -0.09207842 1.06439066 0.88235294 0.23529412 0.27450980
v 0.18223602 -0.08187126 1.04617596 0.88235294 0.23529412 0.27450980
v 0.17938103 -0.09290890 1.06383300 0.88235294 0.23529412 0.27450980
v 0.18238628 -0.08278804 1.04577899 0.88235294 0.23529412 0.27450980
v 0.17956078 -0.09371716 1.06323576 0.88235294 0.23529412 0.27450980
v 0.18253106 -0.08372402 1.04541600 0.88235294 0.23529412 0.27450980
v 0.17974769 -0.09450319 1.06259930 0.88235294 0.23529412 0.27450980
v 0.18266796 -0.08468758 1.04510212 0.88235294 0.23529412 0.27450980
v 0.17993811 -0.09525879 1.06193769 0.88235294 0.23529412 0.27450980
v 0.17994088 -0.09526955 1.06192791 0.88235294 0.23529412 0.27450980
v 0.18276966 -0.08546046 1.04488945 0.88235294 0.23529412 0.27450980
v 0.18279772 -0.08567581 1.04483151 0.88235294 0.23529412 0.27450980
v 0.18014993 -0.09598536 1.06116688 0.88235294 0.23529412 0.27450980
v 0.18291315 -0.08671360 1.04464936 0.88235294 0.23529412 0.27450980
v 0.17974415 -0.09658648 1.05999160 0.88235294 0.23529412 0.27450980
v 0.18037567 -0.09664753 1.06031084 0.88235294 0.23529412 0.27450980
v 0.18255432 -0.08791114 1.04461241 0.88235294 0.23529412 0.27450980
v 0.18301132 -0.08781075 1.04457283 0.88235294 0.23529412 0.27450980
v 0.18047599 -0.09691899 1.05992317 0.88235294 0.23529412 0.27450980
v 0.18061617 -0.09726188 1.05937016 0.88235294 0.23529412 0.27450980
v 0.18303686 -0.08812947 1.04456484 0.88235294 0.23529412 0.27450980
v 0.18309321 -0.08896346 1.04459512 0.88235294 0.23529412 0.27450980
v 0.18085966 -0.09772871 1.05836844 0.88235294 0.23529412 0.27450980
v 0.18088967 -0.09776898 1.05823946 0.88235294 0.23529412 0.27450980
v 0.18313909 -0.08991440 1.04471803 0.88235294 0.23529412 0.27450980
v 0.18314752 -0.09020986 1.04478419 0.88235294 0.23529412 0.27450980
v 0.18114935 -0.09802318 1.05709219 0.88235294 0.23529412 0.27450980
v 0.18076116 -0.09776415 1.05601978 0.88235294 0.23529412 0.27450980
v 0.18122840 -0.09806261 1.05673039 0.88235294 0.23529412 0.27450980
v 0.18243903 -0.09199088 1.04572928 0.88235294 0.23529412 0.27450980
v 0.18315460 -0.09161666 1.04525900 0.88235294 0.23529412 0.27450980
v 0.18316062 -0.09126791 1.04510391 0.88235294 0.23529412 0.27450980
v 0.18140028 -0.09810726 1.05592978 0.88235294 0.23529412 0.27450980
v 0.18162285 -0.09803836 1.05484998 0.88235294 0.23529412 0.27450980
v 0.18143794 -0.09766176 1.05387855 0.88235294 0.23529412 0.27450980
v 0.18167578 -0.09799746 1.05458474 0.88235294 0.23529412 0.27450980
v 0.18124129 -0.09720203 1.05295312 0.88235294 0.23529412 0.27450980
v 0.18114309 -0.09673610 1.05204761 0.88235294 0.23529412 0.27450980
v 0.18200654 -0.09432004 1.04779351 0.88235294 0.23529412 0.27450980
v 0.18248911 -0.09381656 1.04700470 0.88235294 0.23529412 0.27450980
v 0.18306622 -0.09334552 1.04630733 0.88235294 0.23529412 0.27450980
v 0.18307282 -0.09327880 1.04625154 0.88235294 0.23529412 0.27450980
v 0.18313226 -0.09235570 1.04563332 0.88235294 0.23529412 0.27450980
v 0.18182778 -0.09787582 1.05382073 0.88235294 0.23529412 0.27450980
v 0.18201612 -0.09762533 1.05283904 0.88235294 0.23529412 0.27450980
v 0.18219382 -0.09731977 1.05188715 0.88235294 0.23529412 0.27450980
v 0.18235663 -0.09693578 1.05097759 0.88235294 0.23529412 0.27450980
v 0.18250819 -0.09649354 1.05009961 0.88235294 0.23529412 0.27450980
v 0.18264939 -0.09599789 1.04925048 0.88235294 0.23529412 0.27450980
v 0.18277678 -0.09543006 1.04844034 0.88235294 0.23529412 0.27450980
v 0.18289039 -0.09479080 1.04766858 0.88235294 0.23529412 0.27450980
v 0.18299098 -0.09408394 1.04693365 0.88235294 0.23529412 0.27450980
v 0.18300584 -0.08107588 1.04710412 0.96078431 0.64705882 0.13725490
v 0.18021785 -0.09189499 1.06437492 0.96078431 0.64705882 0.13725490
v 0.18317001 -0.08194308 1.04661870 0.88235294 0.23529412 0.27450980
v 0.18038188 -0.09275316 1.06386626 0.88235294 0.23529412 0.27450980
v 0.18332943 -0.08282736 1.04616320 0.88235294 0.23529412 0.27450980
v 0.18055251 -0.09359089 1.06332147 0.88235294 0.23529412 0.27450980
v 0.18348336 -0.08373105 1.04574215 0.88235294 0.23529412 0.27450980
v 0.18072978 -0.09440804 1.06274009 0.88235294 0.23529412 0.27450980
v 0.18363106 -0.08465662 1.04535961 0.88235294 0.23529412 0.27450980
v 0.18090375 -0.09515913 1.06215477 0.88235294 0.23529412 0.27450980
v 0.18091416 -0.09520296 1.06211913 0.88235294 0.23529412 0.27450980
v 0.18373480 -0.08534807 1.04510617 0.88235294 0.23529412 0.27450980
v 0.18377283 -0.08560281 1.04501367 0.88235294 0.23529412 0.27450980
v 0.18111125 -0.09595749 1.06142688 0.88235294 0.23529412 0.27450980
v 0.18390189 -0.08659322 1.04474640 0.88235294 0.23529412 0.27450980
v 0.18132195 -0.09666844 1.06065738 0.88235294 0.23529412 0.27450980
v 0.18401557 -0.08763677 1.04457390 0.88235294 0.23529412 0.27450980
v 0.18153273 -0.09732065 1.05986941 0.88235294 0.23529412 0.27450980
v 0.18154216 -0.09734897 1.05983377 0.88235294 0.23529412 0.27450980
v 0.18410140 -0.08855681 1.04449141 0.88235294 0.23529412 0.27450980
v 0.18411589 -0.08872605 1.04448247 0.88235294 0.23529412 0.27450980
v 0.18102533 -0.09780563 1.05835199 0.88235294 0.23529412 0.27450980
v 0.18178964 -0.09794118 1.05885398 0.88235294 0.23529412 0.27450980
v 0.18352365 -0.09008917 1.04467988 0.88235294 0.23529412 0.27450980
v 0.18418980 -0.08990566 1.04455233 0.88235294 0.23529412 0.27450980
v 0.18193291 -0.09822014 1.05826616 0.88235294 0.23529412 0.27450980
v 0.18148090 -0.09819046 1.05705178 0.88235294 0.23529412 0.27450980
v 0.18207490 -0.09841021 1.05765581 0.88235294 0.23529412 0.27450980
v 0.18352866 -0.09144662 1.04506123 0.88235294 0.23529412 0.27450980
v 0.18423390 -0.09118655 1.04480219 0.88235294 0.23529412 0.27450980
v 0.18421245 -0.09039117 1.04461837 0.88235294 0.23529412 0.27450980
v 0.18222946 -0.09855132 1.05697000 0.88235294 0.23529412 0.27450980
v 0.18226720 -0.09855377 1.05581844 0.88235294 0.23529412 0.27450980
v 0.18243068 -0.09864791 1.05604780 0.88235294 0.23529412 0.27450980
v 0.18176658 -0.09811318 1.05483103 0.88235294 0.23529412 0.27450980
v 0.18312120 -0.09330310 1.04624557 0.88235294 0.23529412 0.27450980
v 0.18398049 -0.09277433 1.04553163 0.88235294 0.23529412 0.27450980
v 0.18422230 -0.09265593 1.04538798 0.88235294 0.23529412 0.27450980
v 0.18423966 -0.09177713 1.04498732 0.88235294 0.23529412 0.27450980
v 0.18248563 -0.09866332 1.05579221 0.88235294 0.23529412 0.27450980
v 0.18271111 -0.09860968 1.05470383 0.88235294 0.23529412 0.27450980
v 0.18291548 -0.09844324 1.05367649 0.88235294 0.23529412 0.27450980
v 0.18272883 -0.09799210 1.05274713 0.88235294 0.23529412 0.27450980
v 0.18292351 -0.09843199 1.05363464 0.88235294 0.23529412 0.27450980
v 0.18260197 -0.09752773 1.05183554 0.88235294 0.23529412 0.27450980
v 0.18259272 -0.09705587 1.05094802 0.88235294 0.23529412 0.27450980
v 0.18267533 -0.09657818 1.05007875 0.88235294 0.23529412 0.27450980
v 0.18284330 -0.09609504 1.04922676 0.88235294 0.23529412 0.27450980
v 0.18312503 -0.09560450 1.04839766 0.88235294 0.23529412 0.27450980
v 0.18351343 -0.09510697 1.04758966 0.88235294 0.23529412 0.27450980
v 0.18401429 -0.09460205 1.04680443 0.88235294 0.23529412 0.27450980
v 0.18408605 -0.09454492 1.04672050 0.88235294 0.23529412 0.27450980
v 0.18415847 -0.09382647 1.04611516 0.88235294 0.23529412 0.27450980
v 0.18421526 -0.09288767 1.04550493 0.88235294 0.23529412 0.27450980
v 0.18310237 -0.09818389 1.05269945 0.88235294 0.23529412 0.27450980
v 0.18327865 -0.09786964 1.05175197 0.88235294 0.23529412 0.27450980
v 0.18344118 -0.09748335 1.05084348 0.88235294 0.23529412 0.27450980
v 0.18359390 -0.09704651 1.04996204 0.88235294 0.23529412 0.27450980
v 0.18373355 -0.09654143 1.04911768 0.88235294 0.23529412 0.27450980
v 0.18386123 -0.09597435 1.04830694 0.88235294 0.23529412 0.27450980
v 0.18397528 -0.09533637 1.04753423 0.88235294 0.23529412 0.27450980
v 0.18407665 -0.09463277 1.04679704 0.88235294 0.23529412 0.27450980
v 0.18391684 -0.08122876 1.04769254 0.96078431 0.64705882 0.13725490
v 0.18124305 -0.09166067 1.06426895 0.96078431 0.64705882 0.13725490
v 0.18386675 -0.08203095 1.04701352 0.88235294 0.23529412 0.27450980
v 0.18409050 -0.08206221 1.04714620 0.88235294 0.23529412 0.27450980
v 0.18139741 -0.09254993 1.06381559 0.88235294 0.23529412 0.27450980
v 0.18411729 -0.08289991 1.04655898 0.88235294 0.23529412 0.27450980
v 0.18425901 -0.08291418 1.04663253 0.88235294 0.23529412 0.27450980
v 0.18155786 -0.09342059 1.06332898 0.88235294 0.23529412 0.27450980
v 0.18427290 -0.08377570 1.04608560 0.88235294 0.23529412 0.27450980
v 0.18442230 -0.08378480 1.04615176 0.88235294 0.23529412 0.27450980
v 0.18172419 -0.09425697 1.06280529 0.88235294 0.23529412 0.27450980
v 0.18172151 -0.09426746 1.06279898 0.88235294 0.23529412 0.27450980
v 0.18172617 -0.09426676 1.06279910 0.88235294 0.23529412 0.27450980
v 0.18419513 -0.08466784 1.04556596 0.88235294 0.23529412 0.27450980
v 0.18457960 -0.08467653 1.04570842 0.88235294 0.23529412 0.27450980
v 0.18190306 -0.09508596 1.06222141 0.88235294 0.23529412 0.27450980
v 0.18473110 -0.08558868 1.04530132 0.88235294 0.23529412 0.27450980
v 0.18209001 -0.09587326 1.06158698 0.88235294 0.23529412 0.27450980
v 0.18487212 -0.08653732 1.04495907 0.88235294 0.23529412 0.27450980
v 0.18228871 -0.09662317 1.06088650 0.88235294 0.23529412 0.27450980
v 0.18500113 -0.08752763 1.04469097 0.88235294 0.23529412 0.27450980
v 0.18167293 -0.09734906 1.05987644 0.88235294 0.23529412 0.27450980
v 0.18249601 -0.09734565 1.06013739 0.88235294 0.23529412 0.27450980
v 0.18448028 -0.08866641 1.04448962 0.88235294 0.23529412 0.27450980
v 0.18511529 -0.08856917 1.04451430 0.88235294 0.23529412 0.27450980
v 0.18255481 -0.09753154 1.05991888 0.88235294 0.23529412 0.27450980
v 0.18271752 -0.09802237 1.05930710 0.88235294 0.23529412 0.27450980
v 0.18514287 -0.08885951 1.04448557 0.88235294 0.23529412 0.27450980
v 0.18521263 -0.08966829 1.04443979 0.88235294 0.23529412 0.27450980
v 0.18282047 -0.09857702 1.05821002 0.88235294 0.23529412 0.27450980
v 0.18297026 -0.09859776 1.05829740 0.88235294 0.23529412 0.27450980
v 0.18528065 -0.09084061 1.04453409 0.88235294 0.23529412 0.27450980
v 0.18528166 -0.09086411 1.04453778 0.88235294 0.23529412 0.27450980
v 0.18299326 -0.09864054 1.05820239 0.88235294 0.23529412 0.27450980
v 0.18316087 -0.09896919 1.05688620 0.88235294 0.23529412 0.27450980
v 0.18327466 -0.09900444 1.05698895 0.88235294 0.23529412 0.27450980
v 0.18522437 -0.09221953 1.04489422 0.88235294 0.23529412 0.27450980
v 0.18531281 -0.09218844 1.04486454 0.88235294 0.23529412 0.27450980
v 0.18330029 -0.09902841 1.05687547 0.88235294 0.23529412 0.27450980
v 0.18356434 -0.09918288 1.05567455 0.88235294 0.23529412 0.27450980
v 0.18331659 -0.09889992 1.05463850 0.88235294 0.23529412 0.27450980
v 0.18365374 -0.09916530 1.05524468 0.88235294 0.23529412 0.27450980
v 0.18293284 -0.09845173 1.05367458 0.88235294 0.23529412 0.27450980
v 0.18470971 -0.09408412 1.04605782 0.88235294 0.23529412 0.27450980
v 0.18527412 -0.09374872 1.04561138 0.88235294 0.23529412 0.27450980
v 0.18529451 -0.09339971 1.04538798 0.88235294 0.23529412 0.27450980
v 0.18531355 -0.09225871 1.04488647 0.88235294 0.23529412 0.27450980
v 0.18378845 -0.09912086 1.05459070 0.88235294 0.23529412 0.27450980
v 0.18399638 -0.09897327 1.05355299 0.88235294 0.23529412 0.27450980
v 0.18418229 -0.09870789 1.05257869 0.88235294 0.23529412 0.27450980
v 0.18421248 -0.09830979 1.05165470 0.88235294 0.23529412 0.27450980
v 0.18427011 -0.09853911 1.05210316 0.88235294 0.23529412 0.27450980
v 0.18420009 -0.09783779 1.05076599 0.88235294 0.23529412 0.27450980
v 0.18427141 -0.09736052 1.04989433 0.88235294 0.23529412 0.27450980
v 0.18445675 -0.09687591 1.04904544 0.88235294 0.23529412 0.27450980
v 0.18474250 -0.09638483 1.04821682 0.88235294 0.23529412 0.27450980
v 0.18501353 -0.09605466 1.04768527 0.88235294 0.23529412 0.27450980
v 0.18505257 -0.09584096 1.04742229 0.88235294 0.23529412 0.27450980
v 0.18515533 -0.09514382 1.04668128 0.88235294 0.23529412 0.27450980
v 0.18523446 -0.09432171 1.04600763 0.88235294 0.23529412 0.27450980
v 0.18435511 -0.09837389 1.05164158 0.88235294 0.23529412 0.27450980
v 0.18451655 -0.09798069 1.05073643 0.88235294 0.23529412 0.27450980
v 0.18466800 -0.09753612 1.04985917 0.88235294 0.23529412 0.27450980
v 0.18480772 -0.09703066 1.04901481 0.88235294 0.23529412 0.27450980
v 0.18493670 -0.09646991 1.04820013 0.88235294 0.23529412 0.27450980
v 0.18481523 -0.08142579 1.04835987 0.96078431 0.64705882 0.13725490
v 0.18137902 -0.09162611 1.06424844 0.96078431 0.64705882 0.13725490
v 0.18499950 -0.08222148 1.04774547 0.88235294 0.23529412 0.27450980
v 0.18163206 -0.09249743 1.06379354 0.88235294 0.23529412 0.27450980
v 0.18242705 -0.09230114 1.06368399 0.88235294 0.23529412 0.27450980
v 0.18517771 -0.08303899 1.04716969 0.88235294 0.23529412 0.27450980
v 0.18178485 -0.09337538 1.06331825 0.88235294 0.23529412 0.27450980
v 0.18257783 -0.09320306 1.06325293 0.88235294 0.23529412 0.27450980
v 0.18535037 -0.08387652 1.04662943 0.88235294 0.23529412 0.27450980
v 0.18273628 -0.09408112 1.06277966 0.88235294 0.23529412 0.27450980
v 0.18551695 -0.08473557 1.04612744 0.88235294 0.23529412 0.27450980
v 0.18290442 -0.09492860 1.06225204 0.88235294 0.23529412 0.27450980
v 0.18567680 -0.08561833 1.04566729 0.88235294 0.23529412 0.27450980
v 0.18308260 -0.09574437 1.06166816 0.88235294 0.23529412 0.27450980
v 0.18582834 -0.08653018 1.04525900 0.88235294 0.23529412 0.27450980
v 0.18327039 -0.09652963 1.06103015 0.88235294 0.23529412 0.27450980
v 0.18596870 -0.08748108 1.04492021 0.88235294 0.23529412 0.27450980
v 0.18346637 -0.09728891 1.06034625 0.88235294 0.23529412 0.27450980
v 0.18609641 -0.08847560 1.04465926 0.88235294 0.23529412 0.27450980
v 0.18354595 -0.09757201 1.06006050 0.88235294 0.23529412 0.27450980
v 0.18367317 -0.09801348 1.05960059 0.88235294 0.23529412 0.27450980
v 0.18615484 -0.08900277 1.04456604 0.88235294 0.23529412 0.27450980
v 0.18620990 -0.08951904 1.04448497 0.88235294 0.23529412 0.27450980
v 0.18390979 -0.09864149 1.05868435 0.88235294 0.23529412 0.27450980
v 0.18532655 -0.09085417 1.04453385 0.88235294 0.23529412 0.27450980
v 0.18629427 -0.09066236 1.04448915 0.88235294 0.23529412 0.27450980
v 0.18402493 -0.09890300 1.05822432 0.88235294 0.23529412 0.27450980
v 0.18417783 -0.09916713 1.05758667 0.88235294 0.23529412 0.27450980
v 0.18632269 -0.09114812 1.04452670 0.88235294 0.23529412 0.27450980
v 0.18635276 -0.09189358 1.04464960 0.88235294 0.23529412 0.27450980
v 0.18434741 -0.09937507 1.05685163 0.88235294 0.23529412 0.27450980
v 0.18397164 -0.09933081 1.05565763 0.88235294 0.23529412 0.27450980
v 0.18450402 -0.09950224 1.05615139 0.88235294 0.23529412 0.27450980
v 0.18568414 -0.09354745 1.04536688 0.88235294 0.23529412 0.27450980
v 0.18636355 -0.09328638 1.04509783 0.88235294 0.23529412 0.27450980
v 0.18636920 -0.09264150 1.04483879 0.88235294 0.23529412 0.27450980
v 0.18461664 -0.09955733 1.05563557 0.88235294 0.23529412 0.27450980
v 0.18484901 -0.09953989 1.05452740 0.88235294 0.23529412 0.27450980
v 0.18466035 -0.09922682 1.05351818 0.88235294 0.23529412 0.27450980
v 0.18494229 -0.09946743 1.05406010 0.88235294 0.23529412 0.27450980
v 0.18435358 -0.09877357 1.05256951 0.88235294 0.23529412 0.27450980
v 0.18516780 -0.09588458 1.04741621 0.88235294 0.23529412 0.27450980
v 0.18576331 -0.09537306 1.04664969 0.88235294 0.23529412 0.27450980
v 0.18626413 -0.09505082 1.04620755 0.88235294 0.23529412 0.27450980
v 0.18629567 -0.09473685 1.04594362 0.88235294 0.23529412 0.27450980
v 0.18635078 -0.09378682 1.04533863 0.88235294 0.23529412 0.27450980
v 0.18505278 -0.09936876 1.05350208 0.88235294 0.23529412 0.27450980
v 0.18523848 -0.09910150 1.05252874 0.88235294 0.23529412 0.27450980
v 0.18541294 -0.09877585 1.05158687 0.88235294 0.23529412 0.27450980
v 0.18557431 -0.09838156 1.05068219 0.88235294 0.23529412 0.27450980
v 0.18572450 -0.09792944 1.04980862 0.88235294 0.23529412 0.27450980
v 0.18586481 -0.09742640 1.04896247 0.88235294 0.23529412 0.27450980
v 0.18599387 -0.09686530 1.04814768 0.88235294 0.23529412 0.27450980
v 0.18610841 -0.09622823 1.04737401 0.88235294 0.23529412 0.27450980
v 0.18621120 -0.09553058 1.04663301 0.88235294 0.23529412 0.27450980
v 0.18568516 -0.08172227 1.04920566 0.96078431 0.64705882 0.13725490
v 0.18561390 -0.08237872 1.04824400 0.88235294 0.23529412 0.27450980
v 0.18588518 -0.08246215 1.04849064 0.88235294 0.23529412 0.27450980
v 0.18348593 -0.09195745 1.06338453 0.96078431 0.64705882 0.13725490
v 0.18607403 -0.08323371 1.04783142 0.88235294 0.23529412 0.27450980
v 0.18607622 -0.08323427 1.04783320 0.88235294 0.23529412 0.27450980
v 0.18362442 -0.09289929 1.06302428 0.88235294 0.23529412 0.27450980
v 0.18607791 -0.08324142 1.04782748 0.88235294 0.23529412 0.27450980
v 0.18625854 -0.08403760 1.04723120 0.88235294 0.23529412 0.27450980
v 0.18376978 -0.09381977 1.06262600 0.88235294 0.23529412 0.27450980
v 0.18643560 -0.08485976 1.04666281 0.88235294 0.23529412 0.27450980
v 0.18392585 -0.09470639 1.06216764 0.88235294 0.23529412 0.27450980
v 0.18660560 -0.08570687 1.04613876 0.88235294 0.23529412 0.27450980
v 0.18409221 -0.09556039 1.06165159 0.88235294 0.23529412 0.27450980
v 0.18676756 -0.08658227 1.04566503 0.88235294 0.23529412 0.27450980
v 0.18426803 -0.09638449 1.06108260 0.88235294 0.23529412 0.27450980
v 0.18692000 -0.08749098 1.04525042 0.88235294 0.23529412 0.27450980
v 0.18445237 -0.09718145 1.06046522 0.88235294 0.23529412 0.27450980
v 0.18706167 -0.08843707 1.04490244 0.88235294 0.23529412 0.27450980
v 0.18447539 -0.09727286 1.06038570 0.88235294 0.23529412 0.27450980
v 0.18464693 -0.09794579 1.05979013 0.88235294 0.23529412 0.27450980
v 0.18712164 -0.08890130 1.04477859 0.88235294 0.23529412 0.27450980
v 0.18718907 -0.08943237 1.04464221 0.88235294 0.23529412 0.27450980
v 0.18486589 -0.09863128 1.05897558 0.88235294 0.23529412 0.27450980
v 0.18729252 -0.09051013 1.04452896 0.88235294 0.23529412 0.27450980
v 0.18504629 -0.09910902 1.05827677 0.88235294 0.23529412 0.27450980
v 0.18510659 -0.09924620 1.05803609 0.88235294 0.23529412 0.27450980
v 0.18736076 -0.09143468 1.04453099 0.88235294 0.23529412 0.27450980
v 0.18737456 -0.09166078 1.04454541 0.88235294 0.23529412 0.27450980
v 0.18538798 -0.09968571 1.05684757 0.88235294 0.23529412 0.27450980
v 0.18539751 -0.09969719 1.05680633 0.88235294 0.23529412 0.27450980
v 0.18731548 -0.09296649 1.04480684 0.88235294 0.23529412 0.27450980
v 0.18741916 -0.09293865 1.04478848 0.88235294 0.23529412 0.27450980
v 0.18566807 -0.09992683 1.05559969 0.88235294 0.23529412 0.27450980
v 0.18520522 -0.09966490 1.05451512 0.88235294 0.23529412 0.27450980
v 0.18575573 -0.09992681 1.05518413 0.88235294 0.23529412 0.27450980
v 0.18659693 -0.09484569 1.04593062 0.88235294 0.23529412 0.27450980
v 0.18739097 -0.09446289 1.04547024 0.88235294 0.23529412 0.27450980
v 0.18740708 -0.09417455 1.04528916 0.88235294 0.23529412 0.27450980
v 0.18742016 -0.09299916 1.04480529 0.88235294 0.23529412 0.27450980
v 0.18589777 -0.09989414 1.05449939 0.88235294 0.23529412 0.27450980
v 0.18610793 -0.09975760 1.05345511 0.88235294 0.23529412 0.27450980
v 0.18629250 -0.09948340 1.05248523 0.88235294 0.23529412 0.27450980
v 0.18624111 -0.09906474 1.05155897 0.88235294 0.23529412 0.27450980
v 0.18635543 -0.09935668 1.05214274 0.88235294 0.23529412 0.27450980
v 0.18618688 -0.09859511 1.05066133 0.88235294 0.23529412 0.27450980
v 0.18626352 -0.09811711 1.04979026 0.88235294 0.23529412 0.27450980
v 0.18645218 -0.09763195 1.04894173 0.88235294 0.23529412 0.27450980
v 0.18677852 -0.09713784 1.04812098 0.88235294 0.23529412 0.27450980
v 0.18713541 -0.09675146 1.04751205 0.88235294 0.23529412 0.27450980
v 0.18716280 -0.09660811 1.04733002 0.88235294 0.23529412 0.27450980
v 0.18726599 -0.09591180 1.04658771 0.88235294 0.23529412 0.27450980
v 0.18734670 -0.09509666 1.04590976 0.88235294 0.23529412 0.27450980
v 0.18646345 -0.09913777 1.05155396 0.88235294 0.23529412 0.27450980
v 0.18662411 -0.09873921 1.05065107 0.88235294 0.23529412 0.27450980
v 0.18677443 -0.09828694 1.04977739 0.88235294 0.23529412 0.27450980
v 0.18691477 -0.09778343 1.04893136 0.88235294 0.23529412 0.27450980
v 0.18704408 -0.09722307 1.04811585 0.88235294 0.23529412 0.27450980
v 0.18652034 -0.08213900 1.05026650 0.96078431 0.64705882 0.13725490
v 0.18669359 -0.08277379 1.04934394 0.88235294 0.23529412 0.27450980
v 0.18674344 -0.08279778 1.04940569 0.88235294 0.23529412 0.27450980
v 0.18367285 -0.09189044 1.06331980 0.96078431 0.64705882 0.13725490
v 0.18677558 -0.08290090 1.04928493 0.88235294 0.23529412 0.27450980
v 0.18695039 -0.08351402 1.04864764 0.88235294 0.23529412 0.27450980
v 0.18407942 -0.09275194 1.06289625 0.88235294 0.23529412 0.27450980
v 0.18468739 -0.09254187 1.06270039 0.88235294 0.23529412 0.27450980
v 0.18649738 -0.08409151 1.04741132 0.88235294 0.23529412 0.27450980
v 0.18714854 -0.08426163 1.04794574 0.88235294 0.23529412 0.27450980
v 0.18447278 -0.09361445 1.06247020 0.88235294 0.23529412 0.27450980
v 0.18481828 -0.09350950 1.06238592 0.88235294 0.23529412 0.27450980
v 0.18693128 -0.08494890 1.04699349 0.88235294 0.23529412 0.27450980
v 0.18733984 -0.08503383 1.04728746 0.88235294 0.23529412 0.27450980
v 0.18480697 -0.09448093 1.06203198 0.88235294 0.23529412 0.27450980
v 0.18496059 -0.09444082 1.06200683 0.88235294 0.23529412 0.27450980
v 0.18731882 -0.08580972 1.04656625 0.88235294 0.23529412 0.27450980
v 0.18752095 -0.08584207 1.04669356 0.88235294 0.23529412 0.27450980
v 0.18502580 -0.09535495 1.06157029 0.88235294 0.23529412 0.27450980
v 0.18511444 -0.09533541 1.06156254 0.88235294 0.23529412 0.27450980
v 0.18763880 -0.08667539 1.04612577 0.88235294 0.23529412 0.27450980
v 0.18769315 -0.08668167 1.04615557 0.88235294 0.23529412 0.27450980
v 0.18504491 -0.09624198 1.06106806 0.88235294 0.23529412 0.27450980
v 0.18527809 -0.09619901 1.06106341 0.88235294 0.23529412 0.27450980
v 0.18783115 -0.08754995 1.04565978 0.88235294 0.23529412 0.27450980
v 0.18785664 -0.08755171 1.04567146 0.88235294 0.23529412 0.27450980
v 0.18460523 -0.09715876 1.06047249 0.88235294 0.23529412 0.27450980
v 0.18545145 -0.09703157 1.06050920 0.88235294 0.23529412 0.27450980
v 0.18765712 -0.08844960 1.04512095 0.88235294 0.23529412 0.27450980
v 0.18800974 -0.08845805 1.04525220 0.88235294 0.23529412 0.27450980
v 0.18563764 -0.09782320 1.05988252 0.88235294 0.23529412 0.27450980
v 0.18814975 -0.08940969 1.04491365 0.88235294 0.23529412 0.27450980
v 0.18584311 -0.09855253 1.05914545 0.88235294 0.23529412 0.27450980
v 0.18826871 -0.09043387 1.04470456 0.88235294 0.23529412 0.27450980
v 0.18603462 -0.09913350 1.05842745 0.88235294 0.23529412 0.27450980
v 0.18606657 -0.09922372 1.05830550 0.88235294 0.23529412 0.27450980
v 0.18819380 -0.09154799 1.04460084 0.88235294 0.23529412 0.27450980
v 0.18836784 -0.09152579 1.04461598 0.88235294 0.23529412 0.27450980
v 0.18550275 -0.09970529 1.05685544 0.88235294 0.23529412 0.27450980
v 0.18633427 -0.09975067 1.05721045 0.88235294 0.23529412 0.27450980
v 0.18837106 -0.09157063 1.04461646 0.88235294 0.23529412 0.27450980
v 0.18843506 -0.09272657 1.04472136 0.88235294 0.23529412 0.27450980
v 0.18640232 -0.09985243 1.05692136 0.88235294 0.23529412 0.27450980
v 0.18625437 -0.10007067 1.05561507 0.88235294 0.23529412 0.27450980
v 0.18664576 -0.10013387 1.05586040 0.88235294 0.23529412 0.27450980
v 0.18782915 -0.09429160 1.04529130 0.88235294 0.23529412 0.27450980
v 0.18845060 -0.09410245 1.04513848 0.88235294 0.23529412 0.27450980
v 0.18845078 -0.09324668 1.04483140 0.88235294 0.23529412 0.27450980
v 0.18669638 -0.10016966 1.05563211 0.88235294 0.23529412 0.27450980
v 0.18693735 -0.10019823 1.05449867 0.88235294 0.23529412 0.27450980
v 0.18686388 -0.09997126 1.05345869 0.88235294 0.23529412 0.27450980
v 0.18708485 -0.10009622 1.05376422 0.88235294 0.23529412 0.27450980
v 0.18643656 -0.09952541 1.05248523 0.88235294 0.23529412 0.27450980
v 0.18725082 -0.09663417 1.04732955 0.88235294 0.23529412 0.27450980
v 0.18795832 -0.09611497 1.04658508 0.88235294 0.23529412 0.27450980
v 0.18833952 -0.09590567 1.04631639 0.88235294 0.23529412 0.27450980
v 0.18838994 -0.09541442 1.04589880 0.88235294 0.23529412 0.27450980
v 0.18844238 -0.09444825 1.04530168 0.88235294 0.23529412 0.27450980
v 0.18714449 -0.10004447 1.05346346 0.88235294 0.23529412 0.27450980
v 0.18733120 -0.09978145 1.05248725 0.88235294 0.23529412 0.27450980
v 0.18750666 -0.09946015 1.05154252 0.88235294 0.23529412 0.27450980
v 0.18766868 -0.09906810 1.05063617 0.88235294 0.23529412 0.27450980
v 0.18781939 -0.09861767 1.04976094 0.88235294 0.23529412 0.27450980
v 0.18795972 -0.09811332 1.04891527 0.88235294 0.23529412 0.27450980
v 0.18808855 -0.09754969 1.04810119 0.88235294 0.23529412 0.27450980
v 0.18820298 -0.09691055 1.04732788 0.88235294 0.23529412 0.27450980
v 0.18830541 -0.09620952 1.04658794 0.88235294 0.23529412 0.27450980
v 0.18729618 -0.08275990 1.05169237 0.96078431 0.64705882 0.13725490
v 0.18743667 -0.08319281 1.05037820 0.88235294 0.23529412 0.27450980
v 0.18755707 -0.08328741 1.05059600 0.88235294 0.23529412 0.27450980
v 0.18764186 -0.08348019 1.05024779 0.88235294 0.23529412 0.27450980
v 0.18723191 -0.08362383 1.04894710 0.88235294 0.23529412 0.27450980
v 0.18779364 -0.08390033 1.04965258 0.88235294 0.23529412 0.27450980
v 0.18559501 -0.09217890 1.06231582 0.96078431 0.64705882 0.13725490
v 0.18577829 -0.09209283 1.06221414 0.96078431 0.64705882 0.13725490
v 0.18778861 -0.08447295 1.04855394 0.88235294 0.23529412 0.27450980
v 0.18801516 -0.08456634 1.04880416 0.88235294 0.23529412 0.27450980
v 0.18589027 -0.09312232 1.06200933 0.88235294 0.23529412 0.27450980
v 0.18582574 -0.09255986 1.06213701 0.88235294 0.23529412 0.27450980
v 0.18815452 -0.08503921 1.04829097 0.88235294 0.23529412 0.27450980
v 0.18822192 -0.08528450 1.04804885 0.88235294 0.23529412 0.27450980
v 0.18601659 -0.09410584 1.06172276 0.88235294 0.23529412 0.27450980
v 0.18841650 -0.08604561 1.04737043 0.88235294 0.23529412 0.27450980
v 0.18615471 -0.09505175 1.06136942 0.88235294 0.23529412 0.27450980
v 0.18860242 -0.08683737 1.04674649 0.88235294 0.23529412 0.27450980
v 0.18630518 -0.09595813 1.06094611 0.88235294 0.23529412 0.27450980
v 0.18877774 -0.08766620 1.04618859 0.88235294 0.23529412 0.27450980
v 0.18646789 -0.09682541 1.06045341 0.88235294 0.23529412 0.27450980
v 0.18894126 -0.08853624 1.04570425 0.88235294 0.23529412 0.27450980
v 0.18664469 -0.09764750 1.05988061 0.88235294 0.23529412 0.27450980
v 0.18909127 -0.08945315 1.04530334 0.88235294 0.23529412 0.27450980
v 0.18683723 -0.09841888 1.05921805 0.88235294 0.23529412 0.27450980
v 0.18922454 -0.09042788 1.04500568 0.88235294 0.23529412 0.27450980
v 0.18697760 -0.09890911 1.05871236 0.88235294 0.23529412 0.27450980
v 0.18704599 -0.09913789 1.05846286 0.88235294 0.23529412 0.27450980
v 0.18933982 -0.09146424 1.04481769 0.88235294 0.23529412 0.27450980
v 0.18729502 -0.09972569 1.05747545 0.88235294 0.23529412 0.27450980
v 0.18934272 -0.09149701 1.04481530 0.88235294 0.23529412 0.27450980
v 0.18942732 -0.09259554 1.04479873 0.88235294 0.23529412 0.27450980
v 0.18739896 -0.09992214 1.05704761 0.88235294 0.23529412 0.27450980
v 0.18757837 -0.10020129 1.05628920 0.88235294 0.23529412 0.27450980
v 0.18946369 -0.09339792 1.04490960 0.88235294 0.23529412 0.27450980
v 0.18947324 -0.09386805 1.04503131 0.88235294 0.23529412 0.27450980
v 0.18770975 -0.10033051 1.05570900 0.88235294 0.23529412 0.27450980
v 0.18783879 -0.10038192 1.05454361 0.88235294 0.23529412 0.27450980
v 0.18794432 -0.10040492 1.05462098 0.88235294 0.23529412 0.27450980
v 0.18907775 -0.09556834 1.04592335 0.88235294 0.23529412 0.27450980
v 0.18942907 -0.09544531 1.04580677 0.88235294 0.23529412 0.27450980
v 0.18946731 -0.09466571 1.04534459 0.88235294 0.23529412 0.27450980
v 0.18795893 -0.10040366 1.05455124 0.88235294 0.23529412 0.27450980
v 0.18817203 -0.10028191 1.05349874 0.88235294 0.23529412 0.27450980
v 0.18836305 -0.10004209 1.05250967 0.88235294 0.23529412 0.27450980
v 0.18853781 -0.09971637 1.05156720 0.88235294 0.23529412 0.27450980
v 0.18869789 -0.09931865 1.05066335 0.88235294 0.23529412 0.27450980
v 0.18869835 -0.09932025 1.05066645 0.88235294 0.23529412 0.27450980
v 0.18872988 -0.09884316 1.04978263 0.88235294 0.23529412 0.27450980
v 0.18893009 -0.09835682 1.04893589 0.88235294 0.23529412 0.27450980
v 0.18902358 -0.09823417 1.04873645 0.88235294 0.23529412 0.27450980
v 0.18912162 -0.09781428 1.04812014 0.88235294 0.23529412 0.27450980
v 0.18923831 -0.09718689 1.04734015 0.88235294 0.23529412 0.27450980
v 0.18933904 -0.09647591 1.04660535 0.88235294 0.23529412 0.27450980
v 0.18941610 -0.09563934 1.04593825 0.88235294 0.23529412 0.27450980
v 0.18869887 -0.09931889 1.05066323 0.88235294 0.23529412 0.27450980
v 0.18885048 -0.09887251 1.04978561 0.88235294 0.23529412 0.27450980
v 0.18899152 -0.09837164 1.04893792 0.88235294 0.23529412 0.27450980
v 0.18827476 -0.08407696 1.05231965 0.96078431 0.64705882 0.13725490
v 0.18793699 -0.08362909 1.05136478 0.88235294 0.23529412 0.27450980
v 0.18828605 -0.08409163 1.05231309 0.96078431 0.64705882 0.13725490
v 0.18858248 -0.08447319 1.05099082 0.88235294 0.23529412 0.27450980
v 0.18858197 -0.08447260 1.05098939 0.88235294 0.23529412 0.27450980
v 0.18803313 -0.08403928 1.04999316 0.88235294 0.23529412 0.27450980
v 0.18858290 -0.08447379 1.05098903 0.88235294 0.23529412 0.27450980
v 0.18884046 -0.08501303 1.04991627 0.88235294 0.23529412 0.27450980
v 0.18865249 -0.08488451 1.04961252 0.88235294 0.23529412 0.27450980
v 0.18611366 -0.09303329 1.06191516 0.88235294 0.23529412 0.27450980
v 0.18699780 -0.09261843 1.06142592 0.88235294 0.23529412 0.27450980
v 0.18695644 -0.09206711 1.06144643 0.96078431 0.64705882 0.13725490
v 0.18896231 -0.08530598 1.04942322 0.88235294 0.23529412 0.27450980
v 0.18833670 -0.08532298 1.04815900 0.88235294 0.23529412 0.27450980
v 0.18907604 -0.08563118 1.04898190 0.88235294 0.23529412 0.27450980
v 0.18662879 -0.09388808 1.06151402 0.88235294 0.23529412 0.27450980
v 0.18709490 -0.09369771 1.06130910 0.88235294 0.23529412 0.27450980
v 0.18887803 -0.08617374 1.04776287 0.88235294 0.23529412 0.27450980
v 0.18929344 -0.08631311 1.04816127 0.88235294 0.23529412 0.27450980
v 0.18710823 -0.09474530 1.06110561 0.88235294 0.23529412 0.27450980
v 0.18721323 -0.09470830 1.06107044 0.88235294 0.23529412 0.27450980
v 0.18940333 -0.08702586 1.04736352 0.88235294 0.23529412 0.27450980
v 0.18949486 -0.08705089 1.04744065 0.88235294 0.23529412 0.27450980
v 0.18735144 -0.09565476 1.06071806 0.88235294 0.23529412 0.27450980
v 0.18727005 -0.09510481 1.06092787 0.88235294 0.23529412 0.27450980
v 0.18956031 -0.08732472 1.04721916 0.88235294 0.23529412 0.27450980
v 0.18968059 -0.08784351 1.04681790 0.88235294 0.23529412 0.27450980
v 0.18750121 -0.09656416 1.06029999 0.88235294 0.23529412 0.27450980
v 0.18985482 -0.08867630 1.04626656 0.88235294 0.23529412 0.27450980
v 0.18766496 -0.09742874 1.05980265 0.88235294 0.23529412 0.27450980
v 0.19001663 -0.08955220 1.04579234 0.88235294 0.23529412 0.27450980
v 0.18783233 -0.09820003 1.05925882 0.88235294 0.23529412 0.27450980
v 0.18781042 -0.09825356 1.05922461 0.88235294 0.23529412 0.27450980
v 0.18784280 -0.09824791 1.05922461 0.88235294 0.23529412 0.27450980
v 0.19016340 -0.09048019 1.04541087 0.88235294 0.23529412 0.27450980
v 0.18804297 -0.09899484 1.05851889 0.88235294 0.23529412 0.27450980
v 0.18943180 -0.09146447 1.04484820 0.88235294 0.23529412 0.27450980
v 0.19022098 -0.09091585 1.04528725 0.88235294 0.23529412 0.27450980
v 0.19029260 -0.09146851 1.04513693 0.88235294 0.23529412 0.27450980
v 0.18827781 -0.09962898 1.05761349 0.88235294 0.23529412 0.27450980
v 0.19039389 -0.09255242 1.04503322 0.88235294 0.23529412 0.27450980
v 0.18836623 -0.09983099 1.05726063 0.88235294 0.23529412 0.27450980
v 0.18853839 -0.10017902 1.05655909 0.88235294 0.23529412 0.27450980
v 0.19044802 -0.09339408 1.04507148 0.88235294 0.23529412 0.27450980
v 0.19046438 -0.09374107 1.04511619 0.88235294 0.23529412 0.27450980
v 0.18870713 -0.10040396 1.05583322 0.88235294 0.23529412 0.27450980
v 0.18886769 -0.10050318 1.05510449 0.88235294 0.23529412 0.27450980
v 0.19047569 -0.09479344 1.04543614 0.88235294 0.23529412 0.27450980
v 0.19046512 -0.09516604 1.04561996 0.88235294 0.23529412 0.27450980
v 0.18896338 -0.10051531 1.05465460 0.88235294 0.23529412 0.27450980
v 0.18918923 -0.10046297 1.05356443 0.88235294 0.23529412 0.27450980
v 0.18937670 -0.10022195 1.05257535 0.88235294 0.23529412 0.27450980
v 0.18937954 -0.10022344 1.05257905 0.88235294 0.23529412 0.27450980
v 0.18888296 -0.09978020 1.05158782 0.88235294 0.23529412 0.27450980
v 0.18932897 -0.09785756 1.04812956 0.88235294 0.23529412 0.27450980
v 0.18999055 -0.09734105 1.04737580 0.88235294 0.23529412 0.27450980
v 0.19029503 -0.09716569 1.04714584 0.88235294 0.23529412 0.27450980
v 0.19036357 -0.09669293 1.04664958 0.88235294 0.23529412 0.27450980
v 0.19043422 -0.09582071 1.04600120 0.88235294 0.23529412 0.27450980
v 0.18938021 -0.10022254 1.05257559 0.88235294 0.23529412 0.27450980
v 0.18955730 -0.09990901 1.05162632 0.88235294 0.23529412 0.27450980
v 0.18972339 -0.09953852 1.05070746 0.88235294 0.23529412 0.27450980
v 0.18987751 -0.09910551 1.04982257 0.88235294 0.23529412 0.27450980
v 0.19001873 -0.09860501 1.04897392 0.88235294 0.23529412 0.27450980
v 0.19014685 -0.09803630 1.04816210 0.88235294 0.23529412 0.27450980
v 0.19026116 -0.09739535 1.04738927 0.88235294 0.23529412 0.27450980
v 0.18850683 -0.08453247 1.05325353 0.96078431 0.64705882 0.13725490
v 0.18907836 -0.08553366 1.05393338 0.96078431 0.64705882 0.13725490
v 0.18925200 -0.08545210 1.05305350 0.88235294 0.23529412 0.27450980
v 0.18923268 -0.08537115 1.05289471 0.88235294 0.23529412 0.27450980
v 0.18897694 -0.08491693 1.05195582 0.88235294 0.23529412 0.27450980
v 0.18928853 -0.08543438 1.05286801 0.88235294 0.23529412 0.27450980
v 0.18954009 -0.08556382 1.05167961 0.88235294 0.23529412 0.27450980
v 0.18927312 -0.08531333 1.05062342 0.88235294 0.23529412 0.27450980
v 0.18961008 -0.08564927 1.05136633 0.88235294 0.23529412 0.27450980
v 0.18727334 -0.09248321 1.06126225 0.88235294 0.23529412 0.27450980
v 0.18813537 -0.09201445 1.06066453 0.88235294 0.23529412 0.27450980
v 0.18812624 -0.09179398 1.06063700 0.96078431 0.64705882 0.13725490
v 0.18984015 -0.08595990 1.05034804 0.88235294 0.23529412 0.27450980
v 0.18929459 -0.08572854 1.04923677 0.88235294 0.23529412 0.27450980
v 0.18990014 -0.08608009 1.05009675 0.88235294 0.23529412 0.27450980
v 0.18792877 -0.09332891 1.06088960 0.88235294 0.23529412 0.27450980
v 0.18820183 -0.09319496 1.06072748 0.88235294 0.23529412 0.27450980
v 0.18997940 -0.08656999 1.04886937 0.88235294 0.23529412 0.27450980
v 0.19014919 -0.08665276 1.04908073 0.88235294 0.23529412 0.27450980
v 0.18829799 -0.09427856 1.06061840 0.88235294 0.23529412 0.27450980
v 0.18825108 -0.09378574 1.06068313 0.88235294 0.23529412 0.27450980
v 0.19024418 -0.08692246 1.04871202 0.88235294 0.23529412 0.27450980
v 0.19036967 -0.08732465 1.04824197 0.88235294 0.23529412 0.27450980
v 0.18750918 -0.09560769 1.06068134 0.88235294 0.23529412 0.27450980
v 0.18841136 -0.09530637 1.06041038 0.88235294 0.23529412 0.27450980
v 0.18987092 -0.08788213 1.04695272 0.88235294 0.23529412 0.27450980
v 0.19057396 -0.08805314 1.04750431 0.88235294 0.23529412 0.27450980
v 0.18784572 -0.09647433 1.06024384 0.88235294 0.23529412 0.27450980
v 0.18854281 -0.09627569 1.06009841 0.88235294 0.23529412 0.27450980
v 0.19026339 -0.08874368 1.04652703 0.88235294 0.23529412 0.27450980
v 0.19076188 -0.08883849 1.04686832 0.88235294 0.23529412 0.27450980
v 0.18799683 -0.09735303 1.05976856 0.88235294 0.23529412 0.27450980
v 0.18869384 -0.09718176 1.05967438 0.88235294 0.23529412 0.27450980
v 0.19051281 -0.08961505 1.04607272 0.88235294 0.23529412 0.27450980
v 0.19093497 -0.08967534 1.04632401 0.88235294 0.23529412 0.27450980
v 0.18886396 -0.09802610 1.05914104 0.88235294 0.23529412 0.27450980
v 0.19046597 -0.09050649 1.04555929 0.88235294 0.23529412 0.27450980
v 0.19109204 -0.09056758 1.04587841 0.88235294 0.23529412 0.27450980
v 0.18905684 -0.09879681 1.05847752 0.88235294 0.23529412 0.27450980
v 0.19122878 -0.09152991 1.04555798 0.88235294 0.23529412 0.27450980
v 0.18927492 -0.09948558 1.05766869 0.88235294 0.23529412 0.27450980
v 0.19134147 -0.09257441 1.04538381 0.88235294 0.23529412 0.27450980
v 0.18929811 -0.09954587 1.05757844 0.88235294 0.23529412 0.27450980
v 0.18952298 -0.10007637 1.05668664 0.88235294 0.23529412 0.27450980
v 0.19138961 -0.09315777 1.04535854 0.88235294 0.23529412 0.27450980
v 0.19142835 -0.09370688 1.04536617 0.88235294 0.23529412 0.27450980
v 0.18967940 -0.10033979 1.05603158 0.88235294 0.23529412 0.27450980
v 0.18982428 -0.10049240 1.05539465 0.88235294 0.23529412 0.27450980
v 0.19145867 -0.09478315 1.04560220 0.88235294 0.23529412 0.27450980
v 0.19145849 -0.09503178 1.04569137 0.88235294 0.23529412 0.27450980
v 0.18995336 -0.10054795 1.05480075 0.88235294 0.23529412 0.27450980
v 0.19018881 -0.10054775 1.05368209 0.88235294 0.23529412 0.27450980
v 0.19025858 -0.10046921 1.05332434 0.88235294 0.23529412 0.27450980
v 0.19119312 -0.09678879 1.04673088 0.88235294 0.23529412 0.27450980
v 0.19137585 -0.09673667 1.04669249 0.88235294 0.23529412 0.27450980
v 0.19143593 -0.09591305 1.04611230 0.88235294 0.23529412 0.27450980
v 0.19038340 -0.10032658 1.05268264 0.88235294 0.23529412 0.27450980
v 0.19056751 -0.10005120 1.05171239 0.88235294 0.23529412 0.27450980
v 0.19073725 -0.09970006 1.05078316 0.88235294 0.23529412 0.27450980
v 0.19089311 -0.09927611 1.04989302 0.88235294 0.23529412 0.27450980
v 0.19103585 -0.09878358 1.04903996 0.88235294 0.23529412 0.27450980
v 0.19116335 -0.09821086 1.04823005 0.88235294 0.23529412 0.27450980
v 0.19127344 -0.09754642 1.04746938 0.88235294 0.23529412 0.27450980
v 0.19136946 -0.09680852 1.04674864 0.88235294 0.23529412 0.27450980
v 0.18933518 -0.08630827 1.05469155 0.96078431 0.64705882 0.13725490
v 0.18931660 -0.08583733 1.05379975 0.88235294 0.23529412 0.27450980
v 0.18997830 -0.08759143 1.05522454 0.96078431 0.64705882 0.13725490
v 0.19001980 -0.08750611 1.05499327 0.88235294 0.23529412 0.27450980
v 0.19005814 -0.08714794 1.05433261 0.88235294 0.23529412 0.27450980
v 0.19003069 -0.08667737 1.05343878 0.88235294 0.23529412 0.27450980
v 0.18992423 -0.08621244 1.05252922 0.88235294 0.23529412 0.27450980
v 0.18969402 -0.08575623 1.05159521 0.88235294 0.23529412 0.27450980
v 0.18824500 -0.09194528 1.06057060 0.88235294 0.23529412 0.27450980
v 0.18893427 -0.09142569 1.05982161 0.96078431 0.64705882 0.13725490
v 0.19014472 -0.08724172 1.05429339 0.88235294 0.23529412 0.27450980
v 0.19033226 -0.08701184 1.05329788 0.88235294 0.23529412 0.27450980
v 0.19054171 -0.08690523 1.05223620 0.88235294 0.23529412 0.27450980
v 0.19060732 -0.08692770 1.05192316 0.88235294 0.23529412 0.27450980
v 0.19041596 -0.08659554 1.05123568 0.88235294 0.23529412 0.27450980
v 0.18999472 -0.08615233 1.05026364 0.88235294 0.23529412 0.27450980
v 0.18890597 -0.09279059 1.06019914 0.88235294 0.23529412 0.27450980
v 0.18938074 -0.09245433 1.05972397 0.88235294 0.23529412 0.27450980
v 0.18937561 -0.09196322 1.05958903 0.88235294 0.23529412 0.27450980
v 0.19079469 -0.08703890 1.05104530 0.88235294 0.23529412 0.27450980
v 0.19093481 -0.08723225 1.05042815 0.88235294 0.23529412 0.27450980
v 0.19067597 -0.08699438 1.04989600 0.88235294 0.23529412 0.27450980
v 0.18850875 -0.09417962 1.06050181 0.88235294 0.23529412 0.27450980
v 0.18942523 -0.09370860 1.05991781 0.88235294 0.23529412 0.27450980
v 0.18940952 -0.09344849 1.05990839 0.88235294 0.23529412 0.27450980
v 0.19111770 -0.08755658 1.04964840 0.88235294 0.23529412 0.27450980
v 0.19058456 -0.08741710 1.04848623 0.88235294 0.23529412 0.27450980
v 0.19119976 -0.08775151 1.04931664 0.88235294 0.23529412 0.27450980
v 0.18907103 -0.09503162 1.06011033 0.88235294 0.23529412 0.27450980
v 0.18950950 -0.09483242 1.05987990 0.88235294 0.23529412 0.27450980
v 0.19116499 -0.08826612 1.04809833 0.88235294 0.23529412 0.27450980
v 0.19143109 -0.08838680 1.04841220 0.88235294 0.23529412 0.27450980
v 0.18956073 -0.09588841 1.05970430 0.88235294 0.23529412 0.27450980
v 0.18962204 -0.09586395 1.05967844 0.88235294 0.23529412 0.27450980
v 0.19161701 -0.08903431 1.04773545 0.88235294 0.23529412 0.27450980
v 0.19163704 -0.08911000 1.04766500 0.88235294 0.23529412 0.27450980
v 0.18975843 -0.09681798 1.05933928 0.88235294 0.23529412 0.27450980
v 0.18965718 -0.09611357 1.05959213 0.88235294 0.23529412 0.27450980
v 0.19182265 -0.08990355 1.04704320 0.88235294 0.23529412 0.27450980
v 0.18991357 -0.09771129 1.05889297 0.88235294 0.23529412 0.27450980
v 0.19199184 -0.09075394 1.04652274 0.88235294 0.23529412 0.27450980
v 0.19008912 -0.09853846 1.05832911 0.88235294 0.23529412 0.27450980
v 0.19214150 -0.09167150 1.04612207 0.88235294 0.23529412 0.27450980
v 0.19011855 -0.09864908 1.05822587 0.88235294 0.23529412 0.27450980
v 0.18946150 -0.09944898 1.05766082 0.88235294 0.23529412 0.27450980
v 0.19028944 -0.09928517 1.05762291 0.88235294 0.23529412 0.27450980
v 0.19210088 -0.09264541 1.04576492 0.88235294 0.23529412 0.27450980
v 0.19223899 -0.09242006 1.04591537 0.88235294 0.23529412 0.27450980
v 0.19226992 -0.09266195 1.04585123 0.88235294 0.23529412 0.27450980
v 0.19053014 -0.09989988 1.05668306 0.88235294 0.23529412 0.27450980
v 0.19236560 -0.09376401 1.04577911 0.88235294 0.23529412 0.27450980
v 0.19061537 -0.10007709 1.05633724 0.88235294 0.23529412 0.27450980
v 0.19081286 -0.10037666 1.05549908 0.88235294 0.23529412 0.27450980
v 0.19240680 -0.09458321 1.04587030 0.88235294 0.23529412 0.27450980
v 0.19241956 -0.09500743 1.04595876 0.88235294 0.23529412 0.27450980
v 0.19092181 -0.10046268 1.05501044 0.88235294 0.23529412 0.27450980
v 0.19117233 -0.10054472 1.05384743 0.88235294 0.23529412 0.27450980
v 0.19119456 -0.10052673 1.05373573 0.88235294 0.23529412 0.27450980
v 0.19241548 -0.09588478 1.04628849 0.88235294 0.23529412 0.27450980
v 0.19238216 -0.09655909 1.04668677 0.88235294 0.23529412 0.27450980
v 0.19137663 -0.10037643 1.05281913 0.88235294 0.23529412 0.27450980
v 0.19156858 -0.10014349 1.05182588 0.88235294 0.23529412 0.27450980
v 0.19174066 -0.09980468 1.05088949 0.88235294 0.23529412 0.27450980
v 0.19189805 -0.09938876 1.04999495 0.88235294 0.23529412 0.27450980
v 0.19204161 -0.09890016 1.04913938 0.88235294 0.23529412 0.27450980
v 0.19217001 -0.09833200 1.04832673 0.88235294 0.23529412 0.27450980
v 0.19227731 -0.09765171 1.04757452 0.88235294 0.23529412 0.27450980
v 0.19236183 -0.09685059 1.04688716 0.88235294 0.23529412 0.27450980
v 0.18973292 -0.08858870 1.05693281 0.96078431 0.64705882 0.13725490
v 0.18990757 -0.08810376 1.05607927 0.96078431 0.64705882 0.13725490
v 0.19000717 -0.08762408 1.05521083 0.96078431 0.64705882 0.13725490
v 0.18950236 -0.09091409 1.05904770 0.96078431 0.64705882 0.13725490
v 0.18993223 -0.09041160 1.05824590 0.96078431 0.64705882 0.13725490
v 0.19028422 -0.08991438 1.05742812 0.88235294 0.23529412 0.27450980
v 0.19054034 -0.08942367 1.05659103 0.88235294 0.23529412 0.27450980
v 0.19071102 -0.08893881 1.05573654 0.88235294 0.23529412 0.27450980
v 0.19081649 -0.08845855 1.05486917 0.88235294 0.23529412 0.27450980
v 0.19084603 -0.08798361 1.05398655 0.88235294 0.23529412 0.27450980
v 0.19079587 -0.08751430 1.05308807 0.88235294 0.23529412 0.27450980
v 0.19067353 -0.08705020 1.05217528 0.88235294 0.23529412 0.27450980
v 0.18963388 -0.09226842 1.05945802 0.88235294 0.23529412 0.27450980
v 0.19025925 -0.09175301 1.05869591 0.88235294 0.23529412 0.27450980
v 0.19068776 -0.09128530 1.05795884 0.88235294 0.23529412 0.27450980
v 0.19069278 -0.09121839 1.05791283 0.88235294 0.23529412 0.27450980
v 0.19078441 -0.09043797 1.05721283 0.88235294 0.23529412 0.27450980
v 0.19089976 -0.08979265 1.05644035 0.88235294 0.23529412 0.27450980
v 0.19103646 -0.08926912 1.05560243 0.88235294 0.23529412 0.27450980
v 0.19118956 -0.08883992 1.05471361 0.88235294 0.23529412 0.27450980
v 0.19135994 -0.08850964 1.05377185 0.88235294 0.23529412 0.27450980
v 0.19155203 -0.08830194 1.05276418 0.88235294 0.23529412 0.27450980
v 0.19157906 -0.08829041 1.05262852 0.88235294 0.23529412 0.27450980
v 0.19144562 -0.08788672 1.05182600 0.88235294 0.23529412 0.27450980
v 0.19113316 -0.08743545 1.05087519 0.88235294 0.23529412 0.27450980
v 0.18955392 -0.09363687 1.05982530 0.88235294 0.23529412 0.27450980
v 0.19035882 -0.09310967 1.05909979 0.88235294 0.23529412 0.27450980
v 0.19062471 -0.09289864 1.05879092 0.88235294 0.23529412 0.27450980
v 0.19063303 -0.09217902 1.05851543 0.88235294 0.23529412 0.27450980
v 0.19177258 -0.08825311 1.05167127 0.88235294 0.23529412 0.27450980
v 0.19196197 -0.08840865 1.05080152 0.88235294 0.23529412 0.27450980
v 0.19185793 -0.08827515 1.05051649 0.88235294 0.23529412 0.27450980
v 0.19133556 -0.08783814 1.04952383 0.88235294 0.23529412 0.27450980
v 0.19020107 -0.09448338 1.05945122 0.88235294 0.23529412 0.27450980
v 0.19065386 -0.09420529 1.05907774 0.88235294 0.23529412 0.27450980
v 0.19062796 -0.09344485 1.05895376 0.88235294 0.23529412 0.27450980
v 0.19204979 -0.08851638 1.05041087 0.88235294 0.23529412 0.27450980
v 0.19224054 -0.08888269 1.04960930 0.88235294 0.23529412 0.27450980
v 0.19196954 -0.08868387 1.04914689 0.88235294 0.23529412 0.27450980
v 0.19072826 -0.09536280 1.05909967 0.88235294 0.23529412 0.27450980
v 0.19071677 -0.09523112 1.05911160 0.88235294 0.23529412 0.27450980
v 0.19243512 -0.08937052 1.04883289 0.88235294 0.23529412 0.27450980
v 0.19166571 -0.08912072 1.04769433 0.88235294 0.23529412 0.27450980
v 0.19247790 -0.08949833 1.04866970 0.88235294 0.23529412 0.27450980
v 0.18993261 -0.09675288 1.05927420 0.88235294 0.23529412 0.27450980
v 0.19084242 -0.09638999 1.05889046 0.88235294 0.23529412 0.27450980
v 0.19207346 -0.08998171 1.04727209 0.88235294 0.23529412 0.27450980
v 0.19268551 -0.09021631 1.04791284 0.88235294 0.23529412 0.27450980
v 0.19017267 -0.09762593 1.05881727 0.88235294 0.23529412 0.27450980
v 0.19097856 -0.09734581 1.05855477 0.88235294 0.23529412 0.27450980
v 0.19236894 -0.09085038 1.04682720 0.88235294 0.23529412 0.27450980
v 0.19287214 -0.09100661 1.04728496 0.88235294 0.23529412 0.27450980
v 0.19017127 -0.09851459 1.05831122 0.88235294 0.23529412 0.27450980
v 0.19114032 -0.09821804 1.05807090 0.88235294 0.23529412 0.27450980
v 0.19244128 -0.09173407 1.04633749 0.88235294 0.23529412 0.27450980
v 0.19303465 -0.09187981 1.04680490 0.88235294 0.23529412 0.27450980
v 0.19133317 -0.09898901 1.05740786 0.88235294 0.23529412 0.27450980
v 0.19317099 -0.09284280 1.04648483 0.88235294 0.23529412 0.27450980
v 0.19149110 -0.09948408 1.05682075 0.88235294 0.23529412 0.27450980
v 0.19121155 -0.09974951 1.05662310 0.88235294 0.23529412 0.27450980
v 0.19155414 -0.09966809 1.05658197 0.88235294 0.23529412 0.27450980
v 0.19327870 -0.09390333 1.04633856 0.88235294 0.23529412 0.27450980
v 0.19183022 -0.10016640 1.05543590 0.88235294 0.23529412 0.27450980
v 0.19328620 -0.09400906 1.04633963 0.88235294 0.23529412 0.27450980
v 0.19334570 -0.09510193 1.04643798 0.88235294 0.23529412 0.27450980
v 0.19185729 -0.10019714 1.05531728 0.88235294 0.23529412 0.27450980
v 0.19212994 -0.10039995 1.05408895 0.88235294 0.23529412 0.27450980
v 0.19219299 -0.10037825 1.05378199 0.88235294 0.23529412 0.27450980
v 0.19335376 -0.09563179 1.04658568 0.88235294 0.23529412 0.27450980
v 0.19333872 -0.09654988 1.04698074 0.88235294 0.23529412 0.27450980
v 0.19234657 -0.10029891 1.05302429 0.88235294 0.23529412 0.27450980
v 0.19254775 -0.10011607 1.05200374 0.88235294 0.23529412 0.27450980
v 0.19272412 -0.09980053 1.05105484 0.88235294 0.23529412 0.27450980
v 0.19288388 -0.09939709 1.05015326 0.88235294 0.23529412 0.27450980
v 0.19302763 -0.09890923 1.04929698 0.88235294 0.23529412 0.27450980
v 0.19315472 -0.09833350 1.04848814 0.88235294 0.23529412 0.27450980
v 0.19325569 -0.09761827 1.04775429 0.88235294 0.23529412 0.27450980
v 0.19332907 -0.09675594 1.04709959 0.88235294 0.23529412 0.27450980
v 0.19072157 -0.09124830 1.05790055 0.88235294 0.23529412 0.27450980
v 0.19109175 -0.09074977 1.05708647 0.88235294 0.23529412 0.27450980
v 0.19136623 -0.09025769 1.05625296 0.88235294 0.23529412 0.27450980
v 0.19155414 -0.08977153 1.05540204 0.88235294 0.23529412 0.27450980
v 0.19164902 -0.08929177 1.05453229 0.88235294 0.23529412 0.27450980
v 0.19166958 -0.08881720 1.05364776 0.88235294 0.23529412 0.27450980
v 0.19159804 -0.08834908 1.05274487 0.88235294 0.23529412 0.27450980
v 0.19100469 -0.09259285 1.05834174 0.88235294 0.23529412 0.27450980
v 0.19152245 -0.09208445 1.05755758 0.88235294 0.23529412 0.27450980
v 0.19191724 -0.09158419 1.05674839 0.88235294 0.23529412 0.27450980
v 0.19203372 -0.09138706 1.05641675 0.88235294 0.23529412 0.27450980
v 0.19210005 -0.09098318 1.05596161 0.88235294 0.23529412 0.27450980
v 0.19223315 -0.09043831 1.05513477 0.88235294 0.23529412 0.27450980
v 0.19238795 -0.09001675 1.05424190 0.88235294 0.23529412 0.27450980
v 0.19250187 -0.08981527 1.05362034 0.88235294 0.23529412 0.27450980
v 0.19250438 -0.08965033 1.05331135 0.88235294 0.23529412 0.27450980
v 0.19240785 -0.08918364 1.05240333 0.88235294 0.23529412 0.27450980
v 0.19220048 -0.08872469 1.05147326 0.88235294 0.23529412 0.27450980
v 0.19104484 -0.09395362 1.05873358 0.88235294 0.23529412 0.27450980
v 0.19175500 -0.09343256 1.05798864 0.88235294 0.23529412 0.27450980
v 0.19187762 -0.09331351 1.05780554 0.88235294 0.23529412 0.27450980
v 0.19191247 -0.09251772 1.05737591 0.88235294 0.23529412 0.27450980
v 0.19199044 -0.09166125 1.05671668 0.88235294 0.23529412 0.27450980
v 0.19256347 -0.08971266 1.05328572 0.88235294 0.23529412 0.27450980
v 0.19276980 -0.08958052 1.05223727 0.88235294 0.23529412 0.27450980
v 0.19297519 -0.08963107 1.05125535 0.88235294 0.23529412 0.27450980
v 0.19294162 -0.08956380 1.05111802 0.88235294 0.23529412 0.27450980
v 0.19253449 -0.08911832 1.05014813 0.88235294 0.23529412 0.27450980
v 0.19078663 -0.09533396 1.05906463 0.88235294 0.23529412 0.27450980
v 0.19170935 -0.09479909 1.05836332 0.88235294 0.23529412 0.27450980
v 0.19189104 -0.09467405 1.05818808 0.88235294 0.23529412 0.27450980
v 0.19187008 -0.09357402 1.05792725 0.88235294 0.23529412 0.27450980
v 0.19301288 -0.08965231 1.05107939 0.88235294 0.23529412 0.27450980
v 0.19327128 -0.09004715 1.04996002 0.88235294 0.23529412 0.27450980
v 0.19318333 -0.08996355 1.04977429 0.88235294 0.23529412 0.27450980
v 0.19254456 -0.08953377 1.04875803 0.88235294 0.23529412 0.27450980
v 0.19129050 -0.09618995 1.05866170 0.88235294 0.23529412 0.27450980
v 0.19196698 -0.09582788 1.05820382 0.88235294 0.23529412 0.27450980
v 0.19191401 -0.09510894 1.05822110 0.88235294 0.23529412 0.27450980
v 0.19334328 -0.09020308 1.04966438 0.88235294 0.23529412 0.27450980
v 0.19351137 -0.09065446 1.04900563 0.88235294 0.23529412 0.27450980
v 0.19305860 -0.09038793 1.04835713 0.88235294 0.23529412 0.27450980
v 0.19170067 -0.09705205 1.05823946 0.88235294 0.23529412 0.27450980
v 0.19207676 -0.09687053 1.05802202 0.88235294 0.23529412 0.27450980
v 0.19348368 -0.09124817 1.04793835 0.88235294 0.23529412 0.27450980
v 0.19372110 -0.09136569 1.04823661 0.88235294 0.23529412 0.27450980
v 0.19194081 -0.09792516 1.05778289 0.88235294 0.23529412 0.27450980
v 0.19221880 -0.09780768 1.05765319 0.88235294 0.23529412 0.27450980
v 0.19374469 -0.09211943 1.04748666 0.88235294 0.23529412 0.27450980
v 0.19390015 -0.09218218 1.04765511 0.88235294 0.23529412 0.27450980
v 0.19187465 -0.09881808 1.05726373 0.88235294 0.23529412 0.27450980
v 0.19239637 -0.09862863 1.05707860 0.88235294 0.23529412 0.27450980
v 0.19376954 -0.09300647 1.04698741 0.88235294 0.23529412 0.27450980
v 0.19405055 -0.09309654 1.04724813 0.88235294 0.23529412 0.27450980
v 0.19261797 -0.09930540 1.05624878 0.88235294 0.23529412 0.27450980
v 0.19336492 -0.09392209 1.04640198 0.88235294 0.23529412 0.27450980
v 0.19416428 -0.09413607 1.04706419 0.88235294 0.23529412 0.27450980
v 0.19272229 -0.09954548 1.05583227 0.88235294 0.23529412 0.27450980
v 0.19204046 -0.10010955 1.05539775 0.88235294 0.23529412 0.27450980
v 0.19287965 -0.09985040 1.05518520 0.88235294 0.23529412 0.27450980
v 0.19401531 -0.09524046 1.04691589 0.88235294 0.23529412 0.27450980
v 0.19422697 -0.09502412 1.04707348 0.88235294 0.23529412 0.27450980
v 0.19424310 -0.09529373 1.04709017 0.88235294 0.23529412 0.27450980
v 0.19304259 -0.10000923 1.05446315 0.88235294 0.23529412 0.27450980
v 0.19324699 -0.10004617 1.05350268 0.88235294 0.23529412 0.27450980
v 0.19376697 -0.09661872 1.04724932 0.88235294 0.23529412 0.27450980
v 0.19425285 -0.09642445 1.04743934 0.88235294 0.23529412 0.27450980
v 0.19423737 -0.09673654 1.04762340 0.88235294 0.23529412 0.27450980
v 0.19328265 -0.10003610 1.05332947 0.88235294 0.23529412 0.27450980
v 0.19349290 -0.09990274 1.05228198 0.88235294 0.23529412 0.27450980
v 0.19367898 -0.09963997 1.05130422 0.88235294 0.23529412 0.27450980
v 0.19384304 -0.09925973 1.05038989 0.88235294 0.23529412 0.27450980
v 0.19398573 -0.09876587 1.04953659 0.88235294 0.23529412 0.27450980
v 0.19410715 -0.09815883 1.04874432 0.88235294 0.23529412 0.27450980
v 0.19419271 -0.09735915 1.04805553 0.88235294 0.23529412 0.27450980
v 0.19221789 -0.09109027 1.05592012 0.88235294 0.23529412 0.27450980
v 0.19241542 -0.09060334 1.05507100 0.88235294 0.23529412 0.27450980
v 0.19250599 -0.09012364 1.05420053 0.88235294 0.23529412 0.27450980
v 0.19230904 -0.09292173 1.05721200 0.88235294 0.23529412 0.27450980
v 0.19278190 -0.09241630 1.05641842 0.88235294 0.23529412 0.27450980
v 0.19310091 -0.09192105 1.05559385 0.88235294 0.23529412 0.27450980
v 0.19331041 -0.09143316 1.05474710 0.88235294 0.23529412 0.27450980
v 0.19339807 -0.09095348 1.05387592 0.88235294 0.23529412 0.27450980
v 0.19336672 -0.09048193 1.05298066 0.88235294 0.23529412 0.27450980
v 0.19320416 -0.09001936 1.05205929 0.88235294 0.23529412 0.27450980
v 0.19249307 -0.09427324 1.05763316 0.88235294 0.23529412 0.27450980
v 0.19309035 -0.09375952 1.05686510 0.88235294 0.23529412 0.27450980
v 0.19313562 -0.09371120 1.05678928 0.88235294 0.23529412 0.27450980
v 0.19319034 -0.09284943 1.05623996 0.88235294 0.23529412 0.27450980
v 0.19329002 -0.09211591 1.05551434 0.88235294 0.23529412 0.27450980
v 0.19341834 -0.09154338 1.05470240 0.88235294 0.23529412 0.27450980
v 0.19357631 -0.09113765 1.05380058 0.88235294 0.23529412 0.27450980
v 0.19376424 -0.09089966 1.05280888 0.88235294 0.23529412 0.27450980
v 0.19398594 -0.09086026 1.05171990 0.88235294 0.23529412 0.27450980
v 0.19398449 -0.09085636 1.05171204 0.88235294 0.23529412 0.27450980
v 0.19368000 -0.09040335 1.05076230 0.88235294 0.23529412 0.27450980
v 0.19229025 -0.09565008 1.05797589 0.88235294 0.23529412 0.27450980
v 0.19313306 -0.09512672 1.05726969 0.88235294 0.23529412 0.27450980
v 0.19313203 -0.09510379 1.05726719 0.88235294 0.23529412 0.27450980
v 0.19313127 -0.09381037 1.05684316 0.88235294 0.23529412 0.27450980
v 0.19398794 -0.09086061 1.05171013 0.88235294 0.23529412 0.27450980
v 0.19427437 -0.09116679 1.05042636 0.88235294 0.23529412 0.27450980
v 0.19377990 -0.09081245 1.04938996 0.88235294 0.23529412 0.27450980
v 0.19429991 -0.09121756 1.05032027 0.88235294 0.23529412 0.27450980
v 0.19280683 -0.09650533 1.05757558 0.88235294 0.23529412 0.27450980
v 0.19321294 -0.09626894 1.05726492 0.88235294 0.23529412 0.27450980
v 0.19430463 -0.09166628 1.04899132 0.88235294 0.23529412 0.27450980
v 0.19454005 -0.09182554 1.04936707 0.88235294 0.23529412 0.27450980
v 0.19317016 -0.09737052 1.05714393 0.88235294 0.23529412 0.27450980
v 0.19333087 -0.09728587 1.05703771 0.88235294 0.23529412 0.27450980
v 0.19466817 -0.09253091 1.04856014 0.88235294 0.23529412 0.27450980
v 0.19473961 -0.09257209 1.04866087 0.88235294 0.23529412 0.27450980
v 0.19330579 -0.09825044 1.05666625 0.88235294 0.23529412 0.27450980
v 0.19349094 -0.09816438 1.05656517 0.88235294 0.23529412 0.27450980
v 0.19483197 -0.09340884 1.04808891 0.88235294 0.23529412 0.27450980
v 0.19490258 -0.09344332 1.04817677 0.88235294 0.23529412 0.27450980
v 0.19303167 -0.09915682 1.05610490 0.88235294 0.23529412 0.27450980
v 0.19370028 -0.09888112 1.05580604 0.88235294 0.23529412 0.27450980
v 0.19468543 -0.09430732 1.04755533 0.88235294 0.23529412 0.27450980
v 0.19502613 -0.09444876 1.04793167 0.88235294 0.23529412 0.27450980
v 0.19373721 -0.09952480 1.05485427 0.88235294 0.23529412 0.27450980
v 0.19389990 -0.09931561 1.05500042 0.88235294 0.23529412 0.27450980
v 0.19396450 -0.09941714 1.05472660 0.88235294 0.23529412 0.27450980
v 0.19509962 -0.09562354 1.04798782 0.88235294 0.23529412 0.27450980
v 0.19347489 -0.09995559 1.05340707 0.88235294 0.23529412 0.27450980
v 0.19417724 -0.09954659 1.05375648 0.88235294 0.23529412 0.27450980
v 0.19435818 -0.09952398 1.05288601 0.88235294 0.23529412 0.27450980
v 0.19487350 -0.09701923 1.04836059 0.88235294 0.23529412 0.27450980
v 0.19508889 -0.09687737 1.04847658 0.88235294 0.23529412 0.27450980
v 0.19506775 -0.09715271 1.04867399 0.88235294 0.23529412 0.27450980
v 0.19510093 -0.09567992 1.04800117 0.88235294 0.23529412 0.27450980
v 0.19440275 -0.09949657 1.05266392 0.88235294 0.23529412 0.27450980
v 0.19459596 -0.09927262 1.05166507 0.88235294 0.23529412 0.27450980
v 0.19476633 -0.09892665 1.05073190 0.88235294 0.23529412 0.27450980
v 0.19490512 -0.09841114 1.04989004 0.88235294 0.23529412 0.27450980
v 0.19501150 -0.09772164 1.04914165 0.88235294 0.23529412 0.27450980
v 0.19352983 -0.09325618 1.05606508 0.88235294 0.23529412 0.27450980
v 0.19386384 -0.09275983 1.05524349 0.88235294 0.23529412 0.27450980
v 0.19407621 -0.09227163 1.05439734 0.88235294 0.23529412 0.27450980
v 0.19415283 -0.09179253 1.05352366 0.88235294 0.23529412 0.27450980
v 0.19412257 -0.09132072 1.05262864 0.88235294 0.23529412 0.27450980
v 0.19314238 -0.09511978 1.05725980 0.88235294 0.23529412 0.27450980
v 0.19371665 -0.09460749 1.05648720 0.88235294 0.23529412 0.27450980
v 0.19419861 -0.09410132 1.05569565 0.88235294 0.23529412 0.27450980
v 0.19452353 -0.09360549 1.05487216 0.88235294 0.23529412 0.27450980
v 0.19458932 -0.09345627 1.05461407 0.88235294 0.23529412 0.27450980
v 0.19467309 -0.09302890 1.05406582 0.88235294 0.23529412 0.27450980
v 0.19483052 -0.09264775 1.05317664 0.88235294 0.23529412 0.27450980
v 0.19483268 -0.09263664 1.05315638 0.88235294 0.23529412 0.27450980
v 0.19480610 -0.09216446 1.05226219 0.88235294 0.23529412 0.27450980
v 0.19462696 -0.09170263 1.05133724 0.88235294 0.23529412 0.27450980
v 0.19433063 -0.09124890 1.05038905 0.88235294 0.23529412 0.27450980
v 0.19363023 -0.09597684 1.05685365 0.88235294 0.23529412 0.27450980
v 0.19426520 -0.09546061 1.05609345 0.88235294 0.23529412 0.27450980
v 0.19448270 -0.09522270 1.05571854 0.88235294 0.23529412 0.27450980
v 0.19448659 -0.09456483 1.05548000 0.88235294 0.23529412 0.27450980
v 0.19455391 -0.09365274 1.05485046 0.88235294 0.23529412 0.27450980
v 0.19483432 -0.09263916 1.05315542 0.88235294 0.23529412 0.27450980
v 0.19504641 -0.09253138 1.05209339 0.88235294 0.23529412 0.27450980
v 0.19523737 -0.09269520 1.05122638 0.88235294 0.23529412 0.27450980
v 0.19518393 -0.09255466 1.05094528 0.88235294 0.23529412 0.27450980
v 0.19485651 -0.09210283 1.04999065 0.88235294 0.23529412 0.27450980
v 0.19404019 -0.09683903 1.05643177 0.88235294 0.23529412 0.27450980
v 0.19454755 -0.09641675 1.05580616 0.88235294 0.23529412 0.27450980
v 0.19451728 -0.09601850 1.05581832 0.88235294 0.23529412 0.27450980
v 0.19534202 -0.09288287 1.05078506 0.88235294 0.23529412 0.27450980
v 0.19549093 -0.09325925 1.05019522 0.88235294 0.23529412 0.27450980
v 0.19526896 -0.09296437 1.04956949 0.88235294 0.23529412 0.27450980
v 0.19426155 -0.09771343 1.05597162 0.88235294 0.23529412 0.27450980
v 0.19468161 -0.09738167 1.05548716 0.88235294 0.23529412 0.27450980
v 0.19550103 -0.09383787 1.04911220 0.88235294 0.23529412 0.27450980
v 0.19567788 -0.09404884 1.04956543 0.88235294 0.23529412 0.27450980
v 0.19419351 -0.09860656 1.05545247 0.88235294 0.23529412 0.27450980
v 0.19488274 -0.09812494 1.05477488 0.88235294 0.23529412 0.27450980
v 0.19547859 -0.09472819 1.04860330 0.88235294 0.23529412 0.27450980
v 0.19579986 -0.09505858 1.04932761 0.88235294 0.23529412 0.27450980
v 0.19463895 -0.09899139 1.05414891 0.88235294 0.23529412 0.27450980
v 0.19491306 -0.09818764 1.05465126 0.88235294 0.23529412 0.27450980
v 0.19517666 -0.09856107 1.05351806 0.88235294 0.23529412 0.27450980
v 0.19569105 -0.09607664 1.04903007 0.88235294 0.23529412 0.27450980
v 0.19582710 -0.09553313 1.04936099 0.88235294 0.23529412 0.27450980
v 0.19584350 -0.09633207 1.04955876 0.88235294 0.23529412 0.27450980
v 0.19512814 -0.09564014 1.04802835 0.88235294 0.23529412 0.27450980
v 0.19450736 -0.09941386 1.05272830 0.88235294 0.23529412 0.27450980
v 0.19521722 -0.09856850 1.05332661 0.88235294 0.23529412 0.27450980
v 0.19508353 -0.09890177 1.05195665 0.88235294 0.23529412 0.27450980
v 0.19543329 -0.09846956 1.05226016 0.88235294 0.23529412 0.27450980
v 0.19542685 -0.09840496 1.05113769 0.88235294 0.23529412 0.27450980
v 0.19561240 -0.09817162 1.05130088 0.88235294 0.23529412 0.27450980
v 0.19550645 -0.09792548 1.05026531 0.88235294 0.23529412 0.27450980
v 0.19574326 -0.09761252 1.05048203 0.88235294 0.23529412 0.27450980
v 0.19531971 -0.09746367 1.04933906 0.88235294 0.23529412 0.27450980
v 0.19582391 -0.09678258 1.04980886 0.88235294 0.23529412 0.27450980
v 0.19471987 -0.09311822 1.05402279 0.88235294 0.23529412 0.27450980
v 0.19465625 -0.09496026 1.05528355 0.88235294 0.23529412 0.27450980
v 0.19491470 -0.09446867 1.05444682 0.88235294 0.23529412 0.27450980
v 0.19510540 -0.09398171 1.05359626 0.88235294 0.23529412 0.27450980
v 0.19521844 -0.09350006 1.05273008 0.88235294 0.23529412 0.27450980
v 0.19526592 -0.09302298 1.05185068 0.88235294 0.23529412 0.27450980
v 0.19462173 -0.09632620 1.05566072 0.88235294 0.23529412 0.27450980
v 0.19497120 -0.09582850 1.05484259 0.88235294 0.23529412 0.27450980
v 0.19524375 -0.09533598 1.05400872 0.88235294 0.23529412 0.27450980
v 0.19544162 -0.09484853 1.05315971 0.88235294 0.23529412 0.27450980
v 0.19555356 -0.09436689 1.05229330 0.88235294 0.23529412 0.27450980
v 0.19559135 -0.09389038 1.05141199 0.88235294 0.23529412 0.27450980
v 0.19553581 -0.09342027 1.05051196 0.88235294 0.23529412 0.27450980
v 0.19483221 -0.09720131 1.05519843 0.88235294 0.23529412 0.27450980
v 0.19520460 -0.09670213 1.05438495 0.88235294 0.23529412 0.27450980
v 0.19549406 -0.09620849 1.05355465 0.88235294 0.23529412 0.27450980
v 0.19570084 -0.09572044 1.05270767 0.88235294 0.23529412 0.27450980
v 0.19581582 -0.09523857 1.05184186 0.88235294 0.23529412 0.27450980
v 0.19583265 -0.09476339 1.05095637 0.88235294 0.23529412 0.27450980
v 0.19575381 -0.09429476 1.05005169 0.88235294 0.23529412 0.27450980
v 0.19491924 -0.09808446 1.05471098 0.88235294 0.23529412 0.27450980
v 0.19530129 -0.09758466 1.05389965 0.88235294 0.23529412 0.27450980
v 0.19560722 -0.09708997 1.05307281 0.88235294 0.23529412 0.27450980
v 0.19582385 -0.09660128 1.05222762 0.88235294 0.23529412 0.27450980
v 0.19592832 -0.09612009 1.05136001 0.88235294 0.23529412 0.27450980
v 0.19593634 -0.09564546 1.05047286 0.88235294 0.23529412 0.27450980
v 0.19583997 -0.09517796 1.04956472 0.88235294 0.23529412 0.27450980
v 0.19524062 -0.09847745 1.05338228 0.88235294 0.23529412 0.27450980
v 0.19553432 -0.09798358 1.05255306 0.88235294 0.23529412 0.27450980
v 0.19575337 -0.09749475 1.05170870 0.88235294 0.23529412 0.27450980
v 0.19585910 -0.09701351 1.05084121 0.88235294 0.23529412 0.27450980
v 0.19587275 -0.09653854 1.04995549 0.88235294 0.23529412 0.27450980
f 1132 1131 1081
f 1081 1131 1080
f 1074 1076 1129
f 1072 1126 1127
f 1074 1128 1073
f 1129 1128 1074
f 1100 1101 1104
f 1073 1128 1069
f 1069 1128 1125
f 1071 1072 1127
f 1123 1072 1066
f 1126 1072 1123
f 1132 1081 1133
f 1129 1130 1128
f 1133 1081 1082
f 1093 1094 1095
f 1133 1082 1127
f 1096 1095 1097
f 1029 1095 1096
f 1029 1093 1095
f 1029 1027 1093
f 1029 1096 1030
f 1100 1096 1097
f 1101 1100 1097
f 1030 1100 1034
f 1096 1100 1030
f 1094 1093 1092
f 1650 1649 1618
f 1125 1124 1069
f 1168 1167 1164
f 1025 1093 1027
f 1105 1167 1107
f 1163 1167 1105
f 1098 1102 1103
f 1098 1032 1102
f 1032 1036 1102
f 1138 1137 1086
f 1138 1139 1137
f 1084 1137 1136
f 1085 1137 1084
f 1083 1136 1135
f 1084 1136 1083
f 1083 1135 1134
f 1076 1083 1134
f 1076 1134 1129
f 1129 1134 1130
f 1127 1082 1071
f 1124 1067 1069
f 1040 1044 1106
f 1064 1124 1121
f 1103 1159 1160
f 1099 1103 1160
f 1158 1157 1162
f 1163 1162 1164
f 1104 1162 1163
f 1104 1158 1162
f 1104 1101 1158
f 1104 1163 1105
f 1103 1102 1159
f 1159 1106 1165
f 1166 1160 1159
f 1165 1166 1159
f 1167 1163 1164
f 1046 1109 1050
f 1109 1111 1050
f 1048 1052 1110
f 1110 1052 1112
f 1050 1111 1054
f 1102 1106 1159
f 1155 1158 1097
f 1097 1158 1101
f 1154 1158 1155
f 1131 1146 1091
f 1146 1145 1091
f 1132 1146 1131
f 1138 1147 1139
f 1140 1147 1138
f 1148 1147 1140
f 1141 1148 1140
f 1149 1148 1141
f 1142 1149 1141
f 1092 1151 1094
f 1152 1153 1154
f 1150 1154 1151
f 1094 1155 1095
f 1094 1151 1155
f 1151 1154 1155
f 1095 1155 1097
f 1154 1153 1156
f 1156 1157 1158
f 1156 1158 1154
f 1111 1113 1054
f 1104 1034 1100
f 1052 1055 1112
f 1054 1113 1056
f 1036 1040 1102
f 1105 1038 1034
f 1104 1105 1034
f 1114 1057 1116
f 1056 1115 1058
f 1115 1117 1058
f 1057 1118 1116
f 1059 1118 1057
f 1102 1040 1106
f 1118 1059 1060
f 1058 1117 1062
f 1117 1120 1062
f 1060 1064 1119
f 1119 1064 1121
f 1065 1122 1123
f 1066 1065 1123
f 1120 1065 1062
f 1122 1065 1120
f 1119 1118 1060
f 1038 1105 1042
f 1105 1107 1042
f 1106 1044 1108
f 1113 1115 1056
f 1055 1057 1114
f 1108 1048 1110
f 1044 1048 1108
f 1131 1091 1080
f 1090 1145 1144
f 1091 1145 1090
f 1107 1109 1046
f 1089 1144 1143
f 1090 1144 1089
f 1143 1088 1089
f 1142 1088 1143
f 1142 1141 1088
f 1140 1087 1141
f 1087 1088 1141
f 1138 1086 1140
f 1086 1087 1140
f 1086 1137 1085
f 1042 1107 1046
f 1112 1055 1114
f 1067 1124 1064
f 1626 1625 1633
f 1091 1090 1079
f 908 961 907
f 907 961 960
f 909 962 908
f 908 962 961
f 910 963 909
f 909 963 962
f 911 964 910
f 910 964 963
f 953 911 903
f 953 965 911
f 965 964 911
f 954 965 953
f 966 965 954
f 955 966 954
f 969 968 967
f 912 968 914
f 971 968 969
f 972 971 969
f 914 971 917
f 907 960 959
f 898 907 959
f 898 959 952
f 959 958 952
f 888 894 948
f 894 949 948
f 950 951 949
f 950 949 895
f 895 949 894
f 895 896 952
f 950 895 952
f 896 898 952
f 904 953 903
f 968 971 914
f 904 905 954
f 955 954 905
f 955 905 956
f 956 905 906
f 945 906 891
f 945 957 906
f 957 956 906
f 946 957 945
f 950 958 951
f 952 958 950
f 953 904 954
f 888 948 943
f 916 919 970
f 971 972 974
f 931 986 929
f 986 931 932
f 987 986 932
f 933 988 989
f 934 933 989
f 985 933 930
f 988 933 985
f 932 935 987
f 987 935 990
f 934 989 937
f 989 991 937
f 935 992 990
f 938 992 935
f 992 938 939
f 993 992 939
f 940 994 995
f 941 940 995
f 991 940 937
f 994 940 991
f 929 986 984
f 983 985 930
f 928 983 930
f 982 929 984
f 974 917 971
f 974 975 917
f 975 920 917
f 919 921 973
f 973 921 976
f 920 975 922
f 975 977 922
f 921 923 976
f 976 923 978
f 970 919 973
f 922 977 924
f 923 925 978
f 978 925 980
f 924 979 926
f 979 981 926
f 925 927 980
f 980 927 982
f 926 981 928
f 981 983 928
f 927 929 982
f 977 979 924
f 939 996 993
f 943 948 944
f 941 893 884
f 903 911 902
f 912 914 850
f 913 851 915
f 915 916 913
f 850 914 853
f 914 917 853
f 915 854 918
f 851 854 915
f 919 916 915
f 918 919 915
f 853 917 856
f 917 920 856
f 854 857 918
f 918 857 859
f 918 859 919
f 919 859 921
f 856 920 861
f 920 922 861
f 859 862 921
f 911 910 902
f 902 910 901
f 910 909 901
f 901 909 900
f 841 842 900
f 899 841 900
f 842 843 901
f 900 842 901
f 843 844 902
f 901 843 902
f 903 902 844
f 903 844 904
f 904 844 845
f 921 862 923
f 846 905 845
f 890 846 836
f 890 906 846
f 906 905 846
f 891 906 890
f 897 907 898
f 899 907 897
f 908 907 899
f 900 908 899
f 909 908 900
f 845 905 904
f 947 893 941
f 861 922 863
f 862 864 923
f 875 934 937
f 877 938 935
f 880 938 877
f 938 880 882
f 939 938 882
f 936 940 941
f 936 941 879
f 879 941 884
f 937 940 936
f 882 942 939
f 885 942 882
f 943 944 942
f 943 942 886
f 886 942 885
f 886 888 943
f 892 945 891
f 946 945 892
f 946 892 947
f 947 892 893
f 878 875 937
f 878 937 936
f 878 936 879
f 932 877 935
f 923 864 925
f 863 924 865
f 924 926 865
f 864 866 925
f 925 866 927
f 865 926 867
f 926 928 867
f 866 869 927
f 927 869 929
f 922 924 863
f 867 928 871
f 869 931 929
f 872 931 869
f 931 872 873
f 932 931 873
f 874 933 934
f 875 874 934
f 930 874 871
f 933 874 930
f 873 877 932
f 928 930 871
f 942 996 939
f 996 942 944
f 997 996 944
f 990 1059 1057
f 992 1059 990
f 1059 992 993
f 1060 1059 993
f 994 1061 995
f 994 1062 1061
f 994 991 1062
f 991 1058 1062
f 1063 993 996
f 1063 1064 993
f 1064 1060 993
f 996 997 1063
f 1061 1065 1066
f 1061 1066 995
f 995 1066 999
f 1062 1065 1061
f 1063 1067 1064
f 1068 1069 1067
f 1000 1068 1067
f 1056 1058 991
f 989 1056 991
f 1055 990 1057
f 987 990 1055
f 1049 1045 1046
f 1050 1049 1046
f 981 1049 983
f 1045 1049 981
f 1047 984 1051
f 982 984 1047
f 1052 1048 1047
f 1051 1052 1047
f 1053 1049 1050
f 1000 1067 1063
f 1054 1053 1050
f 1049 1053 983
f 984 986 1051
f 1051 986 987
f 1051 987 1052
f 1052 987 1055
f 988 1053 1054
f 988 1054 989
f 989 1054 1056
f 985 1053 988
f 983 1053 985
f 1047 1048 1043
f 1000 1063 997
f 1005 1070 1004
f 1071 1082 1070
f 1075 1083 1076
f 1077 1083 1075
f 1084 1083 1077
f 1011 1084 1077
f 1011 1020 1084
f 1020 1085 1084
f 1021 1086 1020
f 1020 1086 1085
f 1022 1087 1021
f 1021 1087 1086
f 1023 1088 1022
f 1022 1088 1087
f 1024 1089 1023
f 1023 1089 1088
f 1078 1024 1016
f 1078 1090 1024
f 1090 1089 1024
f 1079 1090 1078
f 1082 1081 1019
f 1070 1082 1019
f 1070 1019 1004
f 1081 1018 1019
f 1071 1070 1005
f 1071 1005 1072
f 1072 1005 1006
f 1066 1006 999
f 1072 1006 1066
f 1068 1073 1069
f 1002 1073 1068
f 1002 1007 1073
f 1007 1074 1073
f 1000 1002 1068
f 1075 1076 1074
f 1008 1074 1007
f 1008 1009 1077
f 1075 1008 1077
f 1009 1011 1077
f 1017 1078 1016
f 1017 1018 1079
f 1078 1017 1079
f 1080 1079 1018
f 1080 1018 1081
f 1075 1074 1008
f 1048 1044 1043
f 980 982 1043
f 1043 982 1047
f 1010 1011 1009
f 1010 1009 960
f 960 1009 959
f 960 961 1012
f 1010 960 1012
f 961 962 1013
f 1012 961 1013
f 962 963 1014
f 1013 962 1014
f 963 964 1015
f 1014 963 1015
f 1016 1015 964
f 1016 964 1017
f 1017 964 965
f 966 1018 965
f 965 1018 1017
f 1003 966 955
f 1003 1019 966
f 1019 1018 966
f 958 1009 1008
f 959 1009 958
f 958 1008 1007
f 951 958 1007
f 947 998 946
f 947 999 998
f 947 941 999
f 941 995 999
f 944 1000 997
f 948 1000 944
f 1001 1002 1000
f 1001 1000 949
f 949 1000 948
f 1004 1019 1003
f 949 951 1001
f 1004 1003 956
f 1004 956 1005
f 1005 956 957
f 998 957 946
f 998 1006 957
f 1006 1005 957
f 999 1006 998
f 1001 1007 1002
f 951 1007 1001
f 956 1003 955
f 1010 1020 1011
f 1012 1020 1010
f 1021 1020 1012
f 1037 1033 1034
f 1038 1037 1034
f 975 1037 977
f 1033 1037 975
f 1035 978 1039
f 976 978 1035
f 1040 1036 1035
f 1039 1040 1035
f 1041 1037 1038
f 1035 1036 1031
f 1042 1041 1038
f 1037 1041 977
f 1039 980 1043
f 978 980 1039
f 1044 1040 1039
f 1043 1044 1039
f 1045 1041 1042
f 1046 1045 1042
f 979 1045 981
f 1041 1045 979
f 977 1041 979
f 1080 1091 1079
f 1036 1032 1031
f 1031 976 1035
f 1013 1021 1012
f 1022 1021 1013
f 1014 1022 1013
f 1023 1022 1014
f 1015 1023 1014
f 1024 1023 1015
f 1016 1024 1015
f 1165 1108 1169
f 1027 1026 1025
f 973 976 1031
f 967 1026 969
f 1029 969 1026
f 1029 1030 969
f 1030 972 969
f 1028 973 1031
f 1031 1032 1028
f 1033 974 972
f 1033 972 1034
f 1034 972 1030
f 974 1033 975
f 1026 1027 1029
f 1106 1108 1165
f 1249 1245 1246
f 1169 1170 1165
f 1501 1502 1437
f 1438 1503 1439
f 1502 1503 1438
f 1439 1503 1440
f 1447 1446 1504
f 1447 1505 1448
f 1504 1505 1447
f 1448 1501 1436
f 1448 1505 1501
f 1505 1506 1501
f 1502 1501 1507
f 1507 1501 1506
f 1437 1502 1438
f 1503 1502 1508
f 1440 1509 1449
f 1440 1503 1509
f 1503 1508 1509
f 1449 1510 1450
f 1509 1510 1449
f 1450 1510 1451
f 1457 1456 1511
f 1457 1504 1446
f 1457 1511 1504
f 1511 1512 1504
f 1513 1514 1505
f 1513 1505 1512
f 1508 1502 1507
f 1437 1436 1501
f 1417 1491 1425
f 1500 1424 1425
f 1484 1489 1485
f 1484 1413 1489
f 1413 1414 1489
f 1489 1414 1415
f 1490 1489 1415
f 1491 1492 1493
f 1488 1492 1491
f 1486 1488 1491
f 1486 1491 1417
f 1486 1417 1416
f 1412 1486 1416
f 1415 1494 1490
f 1418 1494 1415
f 1419 1495 1418
f 1418 1495 1494
f 1420 1496 1419
f 1419 1496 1495
f 1421 1497 1420
f 1420 1497 1496
f 1422 1498 1421
f 1421 1498 1497
f 1423 1499 1422
f 1422 1499 1498
f 1424 1500 1423
f 1423 1500 1499
f 1493 1425 1491
f 1493 1500 1425
f 1512 1505 1504
f 1506 1505 1514
f 1515 1506 1514
f 1507 1506 1515
f 1531 1523 1522
f 1530 1531 1522
f 1532 1528 1529
f 1533 1532 1529
f 1466 1532 1471
f 1528 1532 1466
f 1530 1473 1534
f 1469 1473 1530
f 1535 1531 1530
f 1534 1535 1530
f 1536 1532 1533
f 1537 1536 1533
f 1471 1536 1475
f 1532 1536 1471
f 1534 1477 1538
f 1473 1477 1534
f 1539 1535 1534
f 1538 1539 1534
f 1540 1536 1537
f 1541 1540 1537
f 1475 1540 1479
f 1536 1540 1475
f 1538 1480 1542
f 1477 1480 1538
f 1543 1539 1538
f 1542 1543 1538
f 1544 1540 1541
f 1463 1469 1522
f 1410 1413 1484
f 1522 1469 1530
f 1465 1459 1521
f 1516 1507 1515
f 1508 1507 1516
f 1517 1508 1516
f 1509 1508 1517
f 1518 1509 1517
f 1518 1519 1520
f 1518 1520 1509
f 1509 1520 1510
f 1451 1521 1458
f 1451 1510 1521
f 1510 1520 1521
f 1458 1521 1459
f 1464 1463 1522
f 1464 1522 1523
f 1456 1464 1523
f 1456 1523 1524
f 1456 1524 1511
f 1512 1511 1524
f 1525 1512 1524
f 1513 1512 1525
f 1520 1519 1526
f 897 840 899
f 1521 1520 1526
f 1527 1521 1526
f 1528 1527 1529
f 1465 1527 1528
f 1465 1521 1527
f 1465 1528 1466
f 1545 1544 1541
f 1409 1481 1411
f 1481 1486 1412
f 1377 1443 1378
f 1383 1382 1444
f 1383 1433 1375
f 1383 1444 1433
f 1444 1445 1433
f 1446 1447 1434
f 1446 1434 1445
f 1445 1434 1433
f 1435 1434 1447
f 1448 1435 1447
f 1436 1435 1448
f 1441 1440 1449
f 1432 1442 1443
f 1442 1441 1449
f 1450 1451 1452
f 1450 1452 1442
f 1442 1452 1443
f 1378 1453 1384
f 1378 1443 1453
f 1443 1452 1453
f 1384 1453 1385
f 1388 1387 1454
f 1388 1444 1382
f 1388 1454 1444
f 1454 1455 1444
f 1456 1457 1445
f 1450 1442 1449
f 1370 1432 1443
f 1370 1443 1377
f 1442 1431 1441
f 1427 1428 1364
f 1365 1429 1366
f 1428 1429 1365
f 1366 1430 1367
f 1429 1430 1366
f 1367 1431 1368
f 1430 1431 1367
f 1368 1432 1369
f 1431 1432 1368
f 1369 1432 1370
f 1376 1375 1433
f 1376 1426 1362
f 1376 1433 1426
f 1433 1434 1426
f 1427 1426 1435
f 1435 1426 1434
f 1436 1437 1428
f 1436 1428 1435
f 1435 1428 1427
f 1429 1428 1437
f 1438 1429 1437
f 1430 1429 1438
f 1439 1430 1438
f 1439 1440 1441
f 1439 1441 1430
f 1430 1441 1431
f 1432 1431 1442
f 1456 1445 1455
f 1455 1445 1444
f 1446 1445 1457
f 1452 1451 1458
f 1474 1470 1471
f 1475 1474 1471
f 1399 1474 1403
f 1470 1474 1399
f 1472 1404 1476
f 1401 1404 1472
f 1477 1473 1472
f 1476 1477 1472
f 1478 1474 1475
f 1479 1478 1475
f 1403 1478 1405
f 1474 1478 1403
f 1404 1406 1476
f 1476 1406 1408
f 1476 1408 1477
f 1477 1408 1480
f 1481 1478 1479
f 1482 1481 1479
f 1405 1481 1409
f 1478 1481 1405
f 1483 1410 1484
f 1483 1480 1410
f 1480 1408 1410
f 1483 1484 1485
f 1486 1487 1488
f 1482 1487 1486
f 1481 1482 1486
f 1472 1473 1468
f 1481 1412 1411
f 1473 1469 1468
f 1468 1401 1472
f 1458 1459 1460
f 1458 1460 1452
f 1452 1460 1453
f 1385 1461 1389
f 1385 1453 1461
f 1453 1460 1461
f 1389 1461 1391
f 1454 1393 1462
f 1387 1393 1454
f 1463 1464 1455
f 1463 1455 1462
f 1462 1455 1454
f 1456 1455 1464
f 1460 1459 1465
f 1465 1466 1467
f 1465 1467 1460
f 1460 1467 1461
f 1391 1467 1395
f 1461 1467 1391
f 1462 1397 1468
f 1393 1397 1462
f 1469 1463 1462
f 1468 1469 1462
f 1470 1467 1466
f 1471 1470 1466
f 1395 1470 1399
f 1467 1470 1395
f 1397 1401 1468
f 1479 1544 1482
f 1540 1544 1479
f 1480 1483 1542
f 1649 1642 1648
f 1643 1642 1649
f 1648 1641 1647
f 1642 1641 1648
f 1647 1640 1646
f 1641 1640 1647
f 1646 1640 1639
f 1604 1646 1639
f 1604 1639 1603
f 1599 1603 1639
f 1638 1645 1597
f 1597 1645 1601
f 1644 1643 1650
f 1645 1637 1644
f 1644 1636 1643
f 1637 1636 1644
f 1643 1635 1642
f 1636 1635 1643
f 1642 1634 1641
f 1635 1634 1642
f 1641 1633 1640
f 1634 1633 1641
f 1640 1632 1639
f 1633 1632 1640
f 1595 1599 1632
f 1632 1599 1639
f 1638 1637 1645
f 1650 1643 1649
f 1606 1650 1607
f 1606 1645 1650
f 1601 1600 1597
f 1541 1600 1545
f 1596 1600 1541
f 1543 1547 1598
f 1548 1602 1603
f 1547 1548 1603
f 1547 1603 1599
f 1547 1599 1598
f 1603 1602 1604
f 1605 1606 1607
f 1601 1606 1605
f 1601 1605 1600
f 1600 1605 1608
f 1545 1608 1549
f 1600 1608 1545
f 1548 1551 1602
f 1552 1609 1610
f 1551 1552 1610
f 1551 1610 1604
f 1551 1604 1602
f 1609 1611 1612
f 1610 1609 1612
f 1611 1613 1614
f 1612 1611 1614
f 1613 1615 1616
f 1614 1613 1616
f 1615 1617 1618
f 1631 1638 1592
f 1592 1638 1597
f 1638 1630 1637
f 1631 1630 1638
f 1582 1619 1571
f 1582 1621 1619
f 1621 1622 1619
f 1573 1623 1583
f 1573 1619 1623
f 1619 1622 1623
f 1583 1624 1584
f 1623 1624 1583
f 1584 1624 1585
f 1590 1589 1625
f 1590 1620 1580
f 1590 1625 1620
f 1625 1626 1620
f 1621 1620 1627
f 1627 1620 1626
f 1622 1621 1628
f 1628 1621 1627
f 1623 1622 1629
f 1629 1622 1628
f 1624 1623 1630
f 1630 1623 1629
f 1585 1631 1591
f 1585 1624 1631
f 1624 1630 1631
f 1591 1631 1592
f 1625 1595 1632
f 1589 1595 1625
f 1620 1621 1581
f 1600 1596 1597
f 1581 1621 1582
f 1572 1619 1573
f 1637 1629 1636
f 1630 1629 1637
f 1636 1628 1635
f 1629 1628 1636
f 1635 1627 1634
f 1628 1627 1635
f 1634 1626 1633
f 1627 1626 1634
f 1616 1615 1618
f 1607 1618 1617
f 1605 1607 1617
f 1605 1617 1555
f 1605 1555 1554
f 1556 1605 1554
f 1608 1605 1556
f 1549 1608 1556
f 1552 1557 1609
f 1558 1609 1557
f 1611 1609 1558
f 1559 1611 1558
f 1613 1611 1559
f 1560 1613 1559
f 1615 1613 1560
f 1561 1615 1560
f 1617 1615 1561
f 1555 1617 1561
f 1572 1571 1619
f 1581 1580 1620
f 1598 1599 1594
f 1599 1595 1594
f 1539 1543 1594
f 1499 1561 1498
f 1498 1561 1560
f 1555 1500 1553
f 1555 1561 1500
f 1561 1499 1500
f 1493 1553 1500
f 1514 1513 1562
f 1514 1563 1515
f 1562 1563 1514
f 1515 1564 1516
f 1563 1564 1515
f 1516 1565 1517
f 1564 1565 1516
f 1517 1566 1518
f 1565 1566 1517
f 1518 1566 1519
f 1524 1523 1567
f 1524 1568 1525
f 1567 1568 1524
f 1525 1562 1513
f 1525 1568 1562
f 1568 1569 1562
f 1563 1562 1570
f 1570 1562 1569
f 1571 1572 1564
f 1571 1564 1570
f 1570 1564 1563
f 1497 1560 1559
f 1572 1573 1574
f 1498 1560 1497
f 1497 1559 1496
f 1485 1546 1547
f 1483 1485 1547
f 1483 1547 1543
f 1483 1543 1542
f 1547 1546 1548
f 1487 1544 1545
f 1487 1545 1488
f 1488 1545 1549
f 1482 1544 1487
f 1485 1489 1546
f 1490 1550 1551
f 1489 1490 1551
f 1489 1551 1548
f 1489 1548 1546
f 1551 1550 1552
f 1553 1554 1555
f 1553 1493 1492
f 1553 1492 1554
f 1554 1492 1556
f 1549 1492 1488
f 1556 1492 1549
f 1490 1494 1550
f 1550 1557 1552
f 1550 1494 1557
f 1494 1495 1557
f 1496 1558 1495
f 1495 1558 1557
f 1496 1559 1558
f 1364 1428 1365
f 1618 1649 1616
f 1616 1648 1614
f 1584 1586 1575
f 1575 1586 1576
f 1577 1576 1587
f 1587 1576 1586
f 1529 1587 1533
f 1577 1587 1529
f 1578 1535 1588
f 1531 1535 1578
f 1589 1590 1579
f 1589 1579 1588
f 1588 1579 1578
f 1580 1579 1590
f 1586 1585 1591
f 1591 1592 1593
f 1591 1593 1586
f 1586 1593 1587
f 1533 1593 1537
f 1587 1593 1533
f 1588 1539 1594
f 1535 1539 1588
f 1595 1589 1588
f 1594 1595 1588
f 1596 1593 1592
f 1597 1596 1592
f 1537 1596 1541
f 1593 1596 1537
f 1594 1543 1598
f 1584 1585 1586
f 1649 1648 1616
f 1584 1575 1583
f 1574 1573 1583
f 1648 1647 1614
f 1614 1647 1612
f 1647 1646 1612
f 1612 1646 1610
f 1604 1610 1646
f 1601 1645 1606
f 1645 1644 1650
f 1572 1574 1564
f 1564 1574 1565
f 1566 1565 1575
f 1575 1565 1574
f 1519 1576 1526
f 1519 1566 1576
f 1566 1575 1576
f 1526 1577 1527
f 1576 1577 1526
f 1527 1577 1529
f 1567 1531 1578
f 1523 1531 1567
f 1568 1567 1579
f 1579 1567 1578
f 1580 1581 1569
f 1580 1569 1579
f 1579 1569 1568
f 1570 1569 1581
f 1582 1570 1581
f 1571 1570 1582
f 1575 1574 1583
f 1426 1427 1363
f 1363 1427 1364
f 1363 1362 1426
f 1252 1249 1250
f 1253 1252 1250
f 1180 1252 1184
f 1249 1252 1180
f 1183 1185 1251
f 1251 1185 1254
f 1187 1252 1253
f 1187 1253 1188
f 1188 1253 1255
f 1184 1252 1187
f 1185 1189 1254
f 1254 1189 1256
f 1248 1183 1251
f 1188 1255 1190
f 1189 1258 1256
f 1191 1258 1189
f 1258 1191 1192
f 1259 1258 1192
f 1193 1260 1261
f 1194 1193 1261
f 1257 1193 1190
f 1260 1193 1257
f 1192 1262 1259
f 1195 1262 1192
f 1262 1195 1196
f 1263 1262 1196
f 1255 1257 1190
f 1247 1183 1248
f 1247 1181 1183
f 1179 1181 1247
f 1237 1168 1233
f 1237 1238 1168
f 1238 1172 1168
f 1174 1173 1239
f 1174 1239 1240
f 1174 1240 1170
f 1170 1240 1235
f 1241 1175 1172
f 1241 1172 1242
f 1242 1172 1238
f 1175 1241 1176
f 1239 1177 1243
f 1173 1177 1239
f 1244 1240 1239
f 1243 1244 1239
f 1245 1241 1242
f 1246 1245 1242
f 1176 1245 1178
f 1241 1245 1176
f 1243 1179 1247
f 1177 1179 1243
f 1248 1244 1243
f 1247 1248 1243
f 1633 1625 1632
f 1250 1249 1246
f 1178 1249 1180
f 1245 1249 1178
f 1197 1264 1265
f 1198 1197 1265
f 1261 1197 1194
f 1264 1197 1261
f 1282 1283 1284
f 1281 1280 1285
f 1285 1280 1284
f 1218 1286 1221
f 1218 1281 1286
f 1281 1285 1286
f 1221 1287 1222
f 1286 1287 1221
f 1222 1287 1224
f 1227 1226 1288
f 1284 1283 1290
f 1285 1284 1290
f 1291 1285 1290
f 1286 1285 1291
f 1292 1286 1291
f 1292 1293 1294
f 1292 1294 1286
f 1286 1294 1287
f 1224 1295 1228
f 1224 1287 1295
f 1287 1294 1295
f 1228 1295 1230
f 1288 1232 1296
f 1226 1232 1288
f 1297 1298 1289
f 1297 1289 1296
f 1296 1289 1288
f 1217 1281 1218
f 1233 1234 1237
f 1270 1279 1269
f 1269 1279 1215
f 1196 1266 1263
f 1199 1266 1196
f 1200 1267 1199
f 1199 1267 1266
f 1267 1200 1202
f 1268 1267 1202
f 1207 1269 1206
f 1270 1269 1207
f 1270 1207 1271
f 1271 1207 1208
f 1265 1208 1198
f 1271 1208 1265
f 1202 1272 1268
f 1209 1272 1202
f 1210 1273 1209
f 1209 1273 1272
f 1211 1274 1210
f 1210 1274 1273
f 1212 1275 1211
f 1211 1275 1274
f 1213 1276 1212
f 1212 1276 1275
f 1214 1277 1213
f 1213 1277 1276
f 1215 1278 1214
f 1214 1278 1277
f 1269 1215 1206
f 1279 1278 1215
f 1232 1231 1236
f 1166 1170 1235
f 1231 1166 1235
f 1186 1184 1187
f 1186 1120 1184
f 1120 1117 1184
f 1119 1121 1185
f 1185 1121 1189
f 1122 1186 1188
f 1122 1188 1123
f 1123 1188 1190
f 1120 1186 1122
f 1121 1191 1189
f 1124 1191 1121
f 1191 1124 1125
f 1192 1191 1125
f 1126 1193 1194
f 1127 1126 1194
f 1190 1126 1123
f 1193 1126 1190
f 1125 1195 1192
f 1128 1195 1125
f 1195 1128 1130
f 1196 1195 1130
f 1133 1197 1198
f 1132 1133 1198
f 1194 1133 1127
f 1197 1133 1194
f 1130 1199 1196
f 1134 1199 1130
f 1186 1187 1188
f 1135 1200 1134
f 1183 1119 1185
f 1182 1118 1119
f 1171 1167 1168
f 1172 1171 1168
f 1107 1171 1109
f 1167 1171 1107
f 1169 1173 1174
f 1169 1108 1173
f 1108 1110 1173
f 1170 1169 1174
f 1171 1172 1175
f 1175 1109 1171
f 1175 1176 1109
f 1176 1111 1109
f 1110 1112 1173
f 1173 1112 1177
f 1111 1176 1113
f 1176 1178 1113
f 1112 1114 1177
f 1177 1114 1179
f 1113 1178 1115
f 1178 1180 1115
f 1181 1116 1182
f 1181 1179 1116
f 1179 1114 1116
f 1181 1182 1183
f 1115 1180 1117
f 1180 1184 1117
f 1116 1118 1182
f 1182 1119 1183
f 1294 1293 1299
f 1134 1200 1199
f 1201 1200 1136
f 1216 1219 1220
f 1152 1220 1153
f 1219 1218 1221
f 1220 1219 1221
f 1222 1220 1221
f 1223 1222 1224
f 1156 1222 1223
f 1156 1220 1222
f 1156 1153 1220
f 1156 1223 1157
f 1161 1160 1225
f 1161 1225 1226
f 1223 1224 1228
f 1229 1228 1230
f 1162 1228 1229
f 1162 1223 1228
f 1162 1157 1223
f 1162 1229 1164
f 1225 1166 1231
f 1160 1166 1225
f 1232 1226 1225
f 1231 1232 1225
f 1233 1229 1230
f 1234 1233 1230
f 1164 1233 1168
f 1229 1233 1164
f 1231 1235 1236
f 1217 1218 1219
f 1201 1202 1200
f 1206 1215 1205
f 1205 1214 1204
f 1136 1200 1135
f 1136 1137 1203
f 1201 1136 1203
f 1137 1139 1203
f 1143 1204 1142
f 1143 1144 1205
f 1204 1143 1205
f 1206 1205 1144
f 1206 1144 1207
f 1207 1144 1145
f 1146 1208 1145
f 1145 1208 1207
f 1198 1146 1132
f 1208 1146 1198
f 1201 1209 1202
f 1203 1209 1201
f 1210 1209 1203
f 1139 1210 1203
f 1139 1147 1210
f 1147 1211 1210
f 1148 1212 1147
f 1147 1212 1211
f 1149 1213 1148
f 1148 1213 1212
f 1204 1149 1142
f 1204 1214 1149
f 1214 1213 1149
f 1215 1214 1205
f 1170 1166 1165
f 1299 1300 1301
f 1294 1301 1295
f 1384 1386 1379
f 1379 1386 1380
f 1307 1386 1311
f 1380 1386 1307
f 1381 1387 1388
f 1381 1309 1387
f 1309 1313 1387
f 1382 1381 1388
f 1386 1385 1389
f 1390 1389 1391
f 1314 1389 1390
f 1314 1386 1389
f 1384 1385 1386
f 1314 1311 1386
f 1317 1316 1392
f 1317 1392 1393
f 1317 1393 1313
f 1313 1393 1387
f 1394 1390 1391
f 1395 1394 1391
f 1315 1394 1318
f 1390 1394 1315
f 1392 1319 1396
f 1316 1319 1392
f 1397 1393 1392
f 1396 1397 1392
f 1314 1390 1315
f 1379 1378 1384
f 1375 1374 1383
f 1381 1374 1373
f 1369 1370 1371
f 1369 1371 1358
f 1358 1371 1359
f 1293 1372 1299
f 1293 1359 1372
f 1359 1371 1372
f 1299 1372 1300
f 1304 1303 1373
f 1304 1360 1297
f 1304 1373 1360
f 1373 1374 1360
f 1375 1376 1361
f 1375 1361 1374
f 1374 1361 1360
f 1362 1361 1376
f 1371 1370 1377
f 1377 1378 1379
f 1377 1379 1371
f 1371 1379 1372
f 1300 1380 1305
f 1300 1372 1380
f 1372 1379 1380
f 1305 1380 1307
f 1373 1309 1381
f 1303 1309 1373
f 1382 1383 1374
f 1382 1374 1381
f 1398 1394 1395
f 1399 1398 1395
f 1318 1398 1320
f 1394 1398 1318
f 1335 1413 1332
f 1336 1414 1335
f 1335 1414 1413
f 1414 1336 1337
f 1415 1414 1337
f 1338 1416 1417
f 1339 1338 1417
f 1412 1338 1334
f 1416 1338 1412
f 1337 1418 1415
f 1340 1418 1337
f 1341 1419 1340
f 1340 1419 1418
f 1342 1420 1341
f 1341 1420 1419
f 1343 1421 1342
f 1342 1421 1420
f 1344 1422 1343
f 1343 1422 1421
f 1345 1423 1344
f 1344 1423 1422
f 1346 1424 1345
f 1345 1424 1423
f 1347 1425 1346
f 1346 1425 1424
f 1417 1347 1339
f 1425 1347 1417
f 1332 1413 1410
f 1369 1358 1368
f 1411 1333 1409
f 1334 1333 1412
f 1396 1321 1400
f 1319 1321 1396
f 1401 1397 1396
f 1400 1401 1396
f 1402 1398 1399
f 1403 1402 1399
f 1320 1402 1322
f 1398 1402 1320
f 1321 1323 1400
f 1400 1323 1325
f 1400 1325 1401
f 1401 1325 1404
f 1327 1402 1403
f 1327 1403 1328
f 1328 1403 1405
f 1322 1402 1327
f 1406 1329 1407
f 1406 1404 1329
f 1404 1325 1329
f 1406 1407 1408
f 1328 1405 1330
f 1405 1409 1330
f 1329 1331 1407
f 1407 1331 1332
f 1407 1332 1408
f 1408 1332 1410
f 1333 1411 1412
f 1409 1333 1330
f 1358 1357 1368
f 1368 1357 1367
f 1357 1356 1367
f 1312 1244 1316
f 1244 1248 1316
f 1313 1312 1317
f 1246 1315 1250
f 1315 1318 1250
f 1248 1251 1316
f 1316 1251 1319
f 1250 1318 1253
f 1318 1320 1253
f 1251 1254 1319
f 1319 1254 1321
f 1253 1320 1255
f 1320 1322 1255
f 1323 1256 1324
f 1323 1321 1256
f 1321 1254 1256
f 1323 1324 1325
f 1326 1327 1328
f 1326 1322 1327
f 1326 1257 1322
f 1257 1255 1322
f 1256 1258 1324
f 1324 1258 1259
f 1324 1259 1325
f 1325 1259 1329
f 1260 1326 1328
f 1260 1328 1261
f 1312 1316 1317
f 1261 1328 1330
f 1315 1246 1242
f 1314 1242 1310
f 1230 1301 1234
f 1295 1301 1230
f 1236 1235 1302
f 1236 1302 1303
f 1232 1236 1303
f 1232 1303 1304
f 1232 1304 1296
f 1297 1296 1304
f 1301 1300 1305
f 1306 1305 1307
f 1237 1305 1306
f 1237 1301 1305
f 1237 1234 1301
f 1237 1306 1238
f 1302 1240 1308
f 1235 1240 1302
f 1309 1303 1302
f 1308 1309 1302
f 1310 1306 1307
f 1311 1310 1307
f 1238 1310 1242
f 1306 1310 1238
f 1308 1244 1312
f 1240 1244 1308
f 1313 1309 1308
f 1312 1313 1308
f 1310 1311 1314
f 1314 1315 1242
f 1299 1301 1294
f 1257 1326 1260
f 1262 1331 1259
f 1278 1347 1346
f 1339 1279 1270
f 1347 1279 1339
f 1353 1354 1348
f 1355 1348 1354
f 1356 1349 1355
f 1283 1357 1290
f 1283 1350 1357
f 1350 1356 1357
f 1290 1358 1291
f 1357 1358 1290
f 1291 1359 1292
f 1358 1359 1291
f 1292 1359 1293
f 1298 1297 1360
f 1298 1360 1351
f 1360 1361 1351
f 1362 1363 1352
f 1362 1352 1361
f 1353 1352 1363
f 1364 1353 1363
f 1354 1353 1364
f 1365 1354 1364
f 1355 1354 1365
f 1366 1355 1365
f 1356 1355 1366
f 1367 1356 1366
f 1279 1347 1278
f 1259 1331 1329
f 1277 1346 1345
f 1276 1345 1344
f 1331 1262 1263
f 1332 1331 1263
f 1264 1333 1334
f 1265 1264 1334
f 1330 1264 1261
f 1333 1264 1330
f 1263 1335 1332
f 1266 1335 1263
f 1267 1336 1266
f 1266 1336 1335
f 1336 1267 1268
f 1337 1336 1268
f 1271 1338 1339
f 1270 1271 1339
f 1334 1271 1265
f 1338 1271 1334
f 1268 1340 1337
f 1272 1340 1268
f 1273 1341 1272
f 1272 1341 1340
f 1274 1342 1273
f 1273 1342 1341
f 1275 1343 1274
f 1274 1343 1342
f 1276 1344 1275
f 1275 1344 1343
f 1277 1345 1276
f 1278 1346 1277
f 840 841 899
f 424 459 474
f 897 896 840
f 253 319 312
f 312 319 317
f 257 259 319
f 264 320 263
f 264 255 314
f 264 314 320
f 320 314 321
f 322 314 315
f 321 314 322
f 317 323 318
f 253 257 319
f 323 324 325
f 317 319 324
f 259 265 326
f 259 326 319
f 319 326 324
f 265 267 326
f 279 327 278
f 279 263 320
f 279 320 327
f 327 320 328
f 329 321 330
f 323 317 324
f 329 328 321
f 318 313 317
f 309 316 308
f 306 307 305
f 245 306 305
f 245 305 301
f 245 301 242
f 245 247 306
f 250 308 249
f 250 309 308
f 244 309 250
f 244 310 309
f 244 303 310
f 317 313 312
f 304 310 303
f 312 313 311
f 251 312 311
f 251 311 306
f 251 306 247
f 251 253 312
f 256 314 255
f 256 315 314
f 249 315 256
f 249 316 315
f 249 308 316
f 306 311 307
f 301 305 302
f 328 320 321
f 324 331 325
f 344 345 346
f 344 335 345
f 335 336 345
f 284 293 347
f 284 347 336
f 336 347 345
f 293 294 348
f 347 293 348
f 294 295 349
f 348 294 349
f 344 343 335
f 295 296 350
f 296 297 351
f 350 296 351
f 297 289 337
f 297 337 351
f 351 337 352
f 353 338 354
f 353 352 338
f 352 337 338
f 339 354 338
f 355 354 339
f 349 295 350
f 322 330 321
f 335 343 333
f 329 342 328
f 326 331 324
f 332 331 326
f 333 334 332
f 280 333 332
f 280 332 326
f 280 326 267
f 280 281 335
f 333 280 335
f 281 282 336
f 335 281 336
f 333 343 334
f 282 284 336
f 290 291 338
f 337 290 338
f 291 292 339
f 338 291 339
f 292 340 339
f 278 340 292
f 278 341 340
f 278 327 341
f 328 341 327
f 342 341 328
f 290 337 289
f 340 355 339
f 303 300 304
f 300 303 244
f 227 263 262
f 211 263 227
f 211 264 263
f 211 254 264
f 255 264 254
f 258 265 259
f 265 266 267
f 265 258 266
f 258 260 266
f 216 228 268
f 261 226 262
f 216 268 260
f 228 229 269
f 268 228 269
f 229 230 270
f 269 229 270
f 230 231 271
f 270 230 271
f 231 232 272
f 271 231 272
f 232 233 273
f 272 232 273
f 260 268 266
f 233 234 274
f 226 227 262
f 214 216 260
f 192 250 249
f 192 243 250
f 244 250 243
f 246 251 247
f 252 253 251
f 201 252 251
f 201 251 246
f 201 246 195
f 201 203 252
f 212 254 211
f 226 261 225
f 212 255 254
f 199 256 255
f 199 248 256
f 249 256 248
f 252 257 253
f 258 259 257
f 213 258 257
f 213 257 252
f 213 252 203
f 213 214 260
f 258 213 260
f 199 255 212
f 240 300 244
f 273 233 274
f 274 234 275
f 289 288 275
f 288 274 275
f 276 290 275
f 291 290 276
f 277 291 276
f 292 291 277
f 278 292 277
f 283 293 284
f 285 293 283
f 294 293 285
f 289 275 290
f 286 294 285
f 287 295 286
f 296 295 287
f 288 296 287
f 297 296 288
f 289 297 288
f 237 238 298
f 301 299 298
f 302 299 301
f 238 242 301
f 298 238 301
f 295 294 286
f 234 235 275
f 288 287 273
f 287 286 272
f 235 236 276
f 275 235 276
f 236 225 261
f 236 261 276
f 276 261 277
f 278 262 279
f 278 277 262
f 277 261 262
f 263 279 262
f 266 280 267
f 274 288 273
f 268 280 266
f 269 281 268
f 282 281 269
f 282 283 284
f 282 269 283
f 269 270 283
f 271 285 270
f 285 283 270
f 272 286 271
f 286 285 271
f 273 287 272
f 281 280 268
f 192 249 200
f 345 356 346
f 357 356 347
f 364 367 425
f 425 367 427
f 426 428 369
f 429 367 370
f 429 430 367
f 430 427 367
f 370 372 429
f 375 431 374
f 375 432 431
f 375 369 432
f 414 424 413
f 369 428 432
f 433 429 372
f 433 372 434
f 434 372 377
f 431 435 436
f 431 436 374
f 374 436 379
f 432 435 431
f 437 377 380
f 437 438 377
f 438 434 377
f 429 433 430
f 380 382 437
f 424 423 413
f 423 422 412
f 411 360 412
f 361 362 413
f 412 361 413
f 362 414 413
f 353 414 362
f 353 415 414
f 353 399 415
f 400 415 399
f 416 415 400
f 401 416 400
f 413 423 412
f 417 416 401
f 406 418 407
f 408 418 406
f 419 418 408
f 409 419 408
f 420 419 409
f 410 420 409
f 421 420 410
f 411 421 410
f 422 421 411
f 412 422 411
f 402 417 401
f 360 361 412
f 385 439 384
f 385 379 440
f 445 453 444
f 448 454 449
f 454 455 456
f 454 448 455
f 448 450 455
f 397 404 457
f 397 457 450
f 450 457 455
f 404 405 458
f 457 404 458
f 392 444 453
f 405 407 458
f 415 416 460
f 459 415 460
f 416 417 461
f 460 416 461
f 417 462 461
f 402 462 417
f 402 463 462
f 402 451 463
f 452 463 451
f 455 464 456
f 415 459 414
f 385 440 439
f 392 453 452
f 403 452 451
f 379 436 440
f 437 441 438
f 442 443 441
f 386 442 441
f 386 441 437
f 386 437 382
f 386 388 442
f 393 444 392
f 393 445 444
f 384 445 393
f 392 452 403
f 384 446 445
f 440 446 439
f 442 447 443
f 448 449 447
f 394 448 447
f 394 447 442
f 394 442 388
f 394 395 450
f 448 394 450
f 395 397 450
f 403 451 402
f 384 439 446
f 347 356 345
f 410 359 411
f 409 358 410
f 316 373 315
f 316 374 373
f 309 374 316
f 309 375 374
f 309 368 375
f 369 375 368
f 376 372 371
f 377 372 376
f 313 318 376
f 371 313 376
f 311 313 371
f 373 378 322
f 379 373 374
f 378 373 379
f 376 380 377
f 381 382 380
f 323 381 380
f 323 380 376
f 323 376 318
f 323 325 381
f 330 383 329
f 330 384 383
f 315 373 322
f 322 384 330
f 311 366 307
f 311 371 370
f 348 357 347
f 358 357 348
f 349 358 348
f 359 358 349
f 350 359 349
f 360 359 350
f 351 360 350
f 361 360 351
f 352 361 351
f 362 361 352
f 311 370 366
f 353 362 352
f 366 302 305
f 366 367 302
f 367 364 302
f 305 307 366
f 310 368 309
f 310 369 368
f 310 304 369
f 304 365 369
f 366 370 367
f 371 372 370
f 363 302 364
f 359 360 411
f 322 385 384
f 379 385 378
f 354 399 353
f 354 355 400
f 399 354 400
f 355 340 390
f 355 390 400
f 400 390 401
f 402 391 403
f 402 401 391
f 401 390 391
f 392 403 391
f 344 346 398
f 396 404 397
f 405 404 398
f 406 407 405
f 356 406 405
f 356 405 398
f 356 398 346
f 356 357 408
f 406 356 408
f 357 358 409
f 408 357 409
f 358 359 410
f 398 404 396
f 322 378 385
f 396 343 398
f 343 389 334
f 381 386 382
f 387 388 386
f 331 387 386
f 331 386 381
f 331 381 325
f 331 332 389
f 387 331 389
f 332 334 389
f 341 390 340
f 341 342 391
f 343 344 398
f 390 341 391
f 329 392 342
f 329 393 392
f 329 383 393
f 384 393 383
f 387 394 388
f 389 394 387
f 395 394 389
f 396 397 395
f 343 396 395
f 343 395 389
f 342 392 391
f 200 249 248
f 200 248 199
f 193 195 246
f 90 68 91
f 69 70 92
f 91 69 92
f 70 71 93
f 92 70 93
f 71 72 94
f 93 71 94
f 72 73 95
f 94 72 95
f 73 63 79
f 68 69 91
f 73 79 95
f 97 80 98
f 97 96 80
f 96 79 80
f 81 98 80
f 85 99 86
f 99 100 101
f 99 85 100
f 85 87 100
f 88 102 87
f 102 100 87
f 95 79 96
f 89 103 88
f 89 67 90
f 88 66 89
f 50 75 49
f 50 74 75
f 51 52 78
f 77 51 78
f 52 54 78
f 64 79 63
f 64 49 75
f 64 75 79
f 79 75 80
f 81 76 82
f 67 68 90
f 81 80 76
f 84 83 77
f 84 85 86
f 84 77 85
f 77 78 85
f 54 65 87
f 54 87 78
f 78 87 85
f 65 66 88
f 87 65 88
f 66 67 89
f 80 75 76
f 63 73 62
f 103 102 88
f 104 103 89
f 118 117 107
f 108 118 107
f 119 118 108
f 109 119 108
f 82 123 81
f 82 120 123
f 123 120 124
f 125 124 121
f 127 128 126
f 83 127 126
f 107 117 106
f 83 84 129
f 84 86 129
f 98 130 97
f 98 81 123
f 98 123 130
f 130 123 131
f 132 124 133
f 132 131 124
f 131 123 124
f 125 133 124
f 127 134 128
f 127 83 129
f 90 104 89
f 117 116 106
f 116 115 105
f 91 105 90
f 105 104 90
f 92 106 91
f 106 105 91
f 93 107 92
f 107 106 92
f 94 108 93
f 108 107 93
f 109 95 110
f 109 108 95
f 106 116 105
f 108 94 95
f 111 110 96
f 97 111 96
f 100 112 101
f 102 112 100
f 113 112 102
f 103 113 102
f 114 113 103
f 104 114 103
f 115 114 104
f 105 115 104
f 96 110 95
f 134 135 136
f 73 72 62
f 72 71 61
f 28 27 18
f 19 28 18
f 29 28 19
f 20 29 19
f 30 29 20
f 21 30 20
f 31 30 21
f 22 31 21
f 32 31 22
f 23 32 22
f 26 25 17
f 33 32 23
f 34 33 24
f 25 34 24
f 35 34 25
f 26 35 25
f 27 28 40
f 39 27 40
f 28 29 41
f 40 28 41
f 29 30 42
f 41 29 42
f 24 33 23
f 30 31 43
f 25 24 16
f 16 24 15
f 6 5 1
f 7 6 2
f 8 7 3
f 4 5 11
f 5 6 12
f 11 5 12
f 6 7 13
f 12 6 13
f 7 8 14
f 13 7 14
f 24 23 15
f 8 9 15
f 11 19 10
f 19 18 10
f 12 20 11
f 20 19 11
f 13 21 12
f 21 20 12
f 14 22 13
f 22 21 13
f 15 23 14
f 23 22 14
f 14 8 15
f 62 72 61
f 42 30 43
f 43 31 44
f 46 61 45
f 61 60 45
f 47 62 46
f 62 61 46
f 63 48 64
f 63 62 48
f 62 47 48
f 49 64 48
f 53 65 54
f 55 65 53
f 60 59 44
f 66 65 55
f 67 66 56
f 57 67 56
f 68 67 57
f 58 68 57
f 69 68 58
f 59 69 58
f 70 69 59
f 60 70 59
f 71 70 60
f 61 71 60
f 56 66 55
f 31 32 44
f 45 60 44
f 44 59 43
f 32 33 45
f 44 32 45
f 33 34 46
f 45 33 46
f 34 35 47
f 46 34 47
f 35 26 36
f 35 36 47
f 47 36 48
f 49 37 50
f 59 58 43
f 49 48 37
f 52 38 53
f 38 39 53
f 40 55 39
f 55 53 39
f 41 56 40
f 56 55 40
f 42 57 41
f 57 56 41
f 43 58 42
f 58 57 42
f 52 53 54
f 134 127 135
f 127 129 135
f 86 99 137
f 169 170 209
f 208 169 209
f 170 156 197
f 170 197 209
f 209 197 210
f 211 198 212
f 211 210 198
f 210 197 198
f 199 212 198
f 202 213 203
f 207 168 208
f 204 213 202
f 214 215 216
f 214 204 215
f 204 205 215
f 206 217 205
f 217 215 205
f 162 171 218
f 162 218 206
f 206 218 217
f 171 172 219
f 218 171 219
f 214 213 204
f 172 173 220
f 168 169 208
f 160 162 206
f 136 196 189
f 189 196 194
f 143 145 196
f 157 197 156
f 157 141 190
f 157 190 197
f 197 190 198
f 199 191 200
f 199 198 191
f 198 190 191
f 168 207 167
f 192 200 191
f 201 202 203
f 201 194 202
f 194 196 202
f 145 158 204
f 145 204 196
f 196 204 202
f 158 159 205
f 204 158 205
f 159 160 206
f 205 159 206
f 194 201 195
f 136 143 196
f 219 172 220
f 220 173 221
f 223 234 222
f 235 234 223
f 224 235 223
f 236 235 224
f 225 236 224
f 238 177 181
f 185 239 184
f 185 240 239
f 179 240 185
f 241 181 186
f 234 233 222
f 241 242 181
f 186 188 241
f 239 243 192
f 184 239 192
f 244 239 240
f 243 239 244
f 241 245 242
f 246 247 245
f 193 246 245
f 193 245 241
f 193 241 188
f 242 238 181
f 173 174 221
f 222 233 221
f 221 232 220
f 174 175 222
f 221 174 222
f 175 167 207
f 175 207 222
f 222 207 223
f 208 224 207
f 224 223 207
f 225 209 226
f 225 224 209
f 224 208 209
f 233 232 221
f 210 226 209
f 211 227 210
f 215 228 216
f 217 228 215
f 229 228 217
f 218 229 217
f 230 229 218
f 219 230 218
f 231 230 219
f 220 231 219
f 232 231 220
f 227 226 210
f 187 189 194
f 193 187 194
f 193 194 195
f 115 116 150
f 149 115 150
f 116 117 151
f 150 116 151
f 117 118 152
f 151 117 152
f 118 119 153
f 152 118 153
f 119 109 138
f 119 138 153
f 148 114 149
f 153 138 154
f 155 154 138
f 156 140 157
f 156 155 140
f 155 139 140
f 141 157 140
f 144 158 145
f 146 158 144
f 159 158 146
f 147 159 146
f 160 159 147
f 139 155 138
f 160 161 162
f 114 115 149
f 113 114 148
f 86 137 129
f 129 137 135
f 99 101 137
f 110 138 109
f 110 111 139
f 138 110 139
f 111 97 130
f 111 130 139
f 139 130 140
f 141 131 142
f 147 113 148
f 141 140 131
f 132 142 131
f 135 143 136
f 143 144 145
f 143 135 144
f 135 137 144
f 101 112 146
f 101 146 137
f 137 146 144
f 112 113 147
f 146 112 147
f 140 130 131
f 160 147 161
f 147 148 161
f 149 163 148
f 176 182 180
f 126 128 182
f 133 183 132
f 133 184 183
f 125 184 133
f 125 185 184
f 125 178 185
f 180 186 181
f 186 187 188
f 186 180 187
f 122 126 182
f 180 182 187
f 128 189 182
f 182 189 187
f 134 136 189
f 142 190 141
f 142 132 183
f 142 183 190
f 190 183 191
f 192 183 184
f 191 183 192
f 187 193 188
f 128 134 189
f 181 177 180
f 167 175 166
f 175 174 166
f 163 161 148
f 150 164 149
f 164 163 149
f 151 165 150
f 165 164 150
f 152 166 151
f 166 165 151
f 167 153 168
f 167 166 153
f 166 152 153
f 154 168 153
f 169 168 154
f 155 169 154
f 170 169 155
f 156 170 155
f 161 171 162
f 163 171 161
f 172 171 163
f 164 172 163
f 173 172 164
f 165 173 164
f 174 173 165
f 166 174 165
f 457 464 455
f 840 896 839
f 465 464 457
f 465 457 466
f 752 689 693
f 749 753 754
f 749 754 691
f 691 754 695
f 750 753 749
f 693 755 752
f 696 755 693
f 755 696 698
f 756 755 698
f 703 757 758
f 751 689 752
f 702 703 758
f 757 703 754
f 698 759 756
f 704 759 698
f 760 761 759
f 760 759 705
f 705 759 704
f 705 707 760
f 712 762 711
f 763 762 712
f 763 712 764
f 754 703 695
f 764 712 713
f 751 747 689
f 687 746 750
f 737 678 739
f 677 738 680
f 738 740 680
f 678 741 739
f 681 741 678
f 741 681 682
f 742 741 682
f 683 743 744
f 684 683 744
f 740 683 680
f 747 751 748
f 743 683 740
f 742 685 745
f 684 744 687
f 744 746 687
f 747 685 688
f 747 748 685
f 748 745 685
f 688 689 747
f 690 749 691
f 690 750 749
f 690 687 750
f 682 685 742
f 676 678 737
f 758 713 702
f 760 765 761
f 719 778 770
f 719 727 778
f 727 779 778
f 728 780 727
f 727 780 779
f 729 781 728
f 728 781 780
f 730 782 729
f 729 782 781
f 771 730 723
f 778 777 770
f 771 783 730
f 772 783 771
f 784 783 772
f 773 784 772
f 785 787 734
f 733 735 786
f 786 735 788
f 734 787 736
f 787 789 736
f 735 737 788
f 788 737 790
f 783 782 730
f 764 713 758
f 770 777 769
f 769 776 767
f 707 765 760
f 707 714 765
f 714 766 765
f 767 768 766
f 767 766 715
f 715 766 714
f 715 716 769
f 767 715 769
f 716 717 770
f 769 716 770
f 777 776 769
f 717 719 770
f 724 725 772
f 771 724 772
f 773 772 725
f 773 725 774
f 774 725 726
f 762 726 711
f 762 775 726
f 775 774 726
f 763 775 762
f 767 776 768
f 724 771 723
f 736 789 738
f 736 738 677
f 735 676 737
f 641 696 692
f 641 692 637
f 641 642 699
f 697 641 699
f 642 644 699
f 648 700 647
f 648 649 701
f 700 648 701
f 649 702 701
f 639 702 649
f 641 697 696
f 639 703 702
f 695 703 694
f 697 704 698
f 699 704 697
f 705 704 699
f 706 707 705
f 650 706 705
f 650 705 699
f 650 699 644
f 650 651 708
f 706 650 708
f 639 694 703
f 651 653 708
f 697 698 696
f 634 691 695
f 680 683 679
f 624 627 682
f 682 627 685
f 628 686 629
f 628 687 686
f 628 625 687
f 625 684 687
f 627 688 685
f 630 688 627
f 688 630 632
f 692 696 693
f 689 688 632
f 686 691 629
f 629 691 634
f 687 690 686
f 692 632 635
f 692 693 632
f 693 689 632
f 635 637 692
f 640 694 639
f 640 695 694
f 640 634 695
f 686 690 691
f 675 736 677
f 661 709 660
f 709 661 710
f 724 668 669
f 709 669 660
f 709 725 669
f 725 724 669
f 710 725 709
f 726 725 710
f 711 726 710
f 718 727 719
f 720 727 718
f 728 727 720
f 723 668 724
f 721 728 720
f 722 729 721
f 730 729 722
f 723 730 722
f 731 672 733
f 732 734 673
f 672 674 733
f 733 674 735
f 673 734 675
f 734 736 675
f 674 676 735
f 729 728 721
f 661 662 710
f 723 722 668
f 667 668 722
f 662 711 710
f 647 711 662
f 647 712 711
f 647 700 712
f 701 712 700
f 713 712 701
f 702 713 701
f 706 714 707
f 708 714 706
f 715 714 708
f 721 667 722
f 653 715 708
f 663 716 715
f 664 717 663
f 663 717 716
f 718 719 717
f 718 717 665
f 665 717 664
f 665 666 720
f 718 665 720
f 666 667 721
f 720 666 721
f 653 663 715
f 622 684 625
f 789 791 738
f 790 739 792
f 858 794 795
f 858 795 859
f 859 795 862
f 796 860 861
f 796 861 797
f 797 861 863
f 793 860 796
f 795 798 862
f 862 798 864
f 797 863 799
f 792 794 858
f 863 865 799
f 864 800 866
f 799 865 801
f 865 867 801
f 868 800 802
f 868 869 800
f 869 866 800
f 802 803 868
f 804 870 805
f 804 871 870
f 804 801 871
f 798 800 864
f 801 867 871
f 855 860 791
f 861 860 856
f 845 844 834
f 835 845 834
f 846 845 835
f 836 846 835
f 850 849 847
f 785 849 787
f 848 788 851
f 852 849 850
f 853 852 850
f 787 852 789
f 791 860 793
f 849 852 787
f 851 790 854
f 855 852 853
f 856 855 853
f 789 855 791
f 852 855 789
f 857 792 858
f 857 854 792
f 854 790 792
f 857 858 859
f 860 855 856
f 788 790 851
f 834 844 833
f 868 872 869
f 872 803 873
f 824 886 885
f 887 888 886
f 887 886 825
f 825 886 824
f 825 826 889
f 887 825 889
f 826 828 889
f 837 890 836
f 891 890 837
f 891 837 892
f 818 824 885
f 892 837 838
f 883 893 838
f 893 892 838
f 884 893 883
f 887 894 888
f 889 894 887
f 895 894 889
f 828 895 889
f 828 839 895
f 839 896 895
f 897 898 896
f 883 838 822
f 872 868 803
f 818 885 881
f 814 879 884
f 873 803 807
f 870 874 875
f 870 875 805
f 805 875 809
f 871 874 870
f 876 807 810
f 876 877 807
f 877 873 807
f 810 812 876
f 815 878 879
f 881 885 882
f 814 815 879
f 878 815 875
f 876 880 877
f 881 882 880
f 816 881 880
f 816 880 876
f 816 876 812
f 816 818 881
f 823 883 822
f 823 884 883
f 823 814 884
f 875 815 809
f 737 739 790
f 844 843 833
f 843 842 832
f 806 752 755
f 806 807 752
f 807 803 752
f 755 756 806
f 757 808 758
f 757 809 808
f 757 754 809
f 754 805 809
f 806 810 807
f 811 812 810
f 804 753 801
f 759 811 810
f 759 806 756
f 759 761 811
f 764 813 763
f 764 814 813
f 758 814 764
f 758 815 814
f 758 808 815
f 809 815 808
f 811 816 812
f 817 818 816
f 759 810 806
f 765 817 816
f 801 753 750
f 753 804 805
f 738 791 740
f 791 793 740
f 739 794 792
f 741 794 739
f 794 741 742
f 795 794 742
f 743 796 797
f 744 743 797
f 793 743 740
f 796 743 793
f 754 753 805
f 742 745 795
f 744 797 746
f 797 799 746
f 745 748 798
f 798 748 800
f 746 799 750
f 799 801 750
f 748 802 800
f 751 802 748
f 802 751 752
f 803 802 752
f 795 745 798
f 833 843 832
f 765 816 811
f 765 766 819
f 831 780 832
f 781 782 833
f 832 781 833
f 782 783 834
f 833 782 834
f 783 784 835
f 834 783 835
f 784 836 835
f 773 836 784
f 773 837 836
f 780 781 832
f 773 820 837
f 838 837 821
f 822 838 821
f 827 839 828
f 829 839 827
f 840 839 829
f 830 840 829
f 841 840 830
f 831 841 830
f 842 841 831
f 832 842 831
f 821 837 820
f 765 811 761
f 830 779 831
f 829 778 830
f 817 765 819
f 766 768 819
f 774 820 773
f 774 775 821
f 820 774 821
f 775 822 821
f 763 822 775
f 763 823 822
f 763 813 823
f 814 823 813
f 779 780 831
f 817 824 818
f 825 824 819
f 768 825 819
f 768 776 825
f 776 826 825
f 827 828 826
f 827 826 777
f 777 826 776
f 777 778 829
f 827 777 829
f 778 779 830
f 819 824 817
f 679 684 622
f 679 683 684
f 682 681 624
f 533 484 534
f 485 486 535
f 534 485 535
f 486 487 536
f 535 486 536
f 487 537 536
f 476 537 487
f 476 538 537
f 476 521 538
f 522 538 521
f 484 485 534
f 539 538 522
f 528 540 529
f 530 540 528
f 541 540 530
f 531 541 530
f 542 541 531
f 532 542 531
f 543 542 532
f 533 543 532
f 544 543 533
f 534 544 533
f 523 539 522
f 545 544 534
f 532 483 533
f 531 482 532
f 477 521 476
f 477 478 522
f 521 477 522
f 478 523 522
f 462 523 478
f 462 524 523
f 462 514 524
f 515 524 514
f 518 525 519
f 520 525 518
f 483 484 533
f 526 525 520
f 467 479 526
f 479 527 526
f 528 529 527
f 528 527 480
f 480 527 479
f 480 481 530
f 528 480 530
f 481 482 531
f 530 481 531
f 482 483 532
f 467 526 520
f 465 467 520
f 535 545 534
f 536 546 535
f 500 562 504
f 558 561 557
f 563 502 505
f 563 564 502
f 564 560 502
f 505 507 563
f 510 565 509
f 510 566 565
f 510 504 566
f 504 562 566
f 557 562 500
f 563 567 564
f 511 568 567
f 511 567 563
f 511 563 507
f 511 513 568
f 516 570 515
f 516 571 570
f 509 571 516
f 509 572 571
f 509 565 572
f 566 572 565
f 568 569 567
f 546 545 535
f 557 561 562
f 559 498 560
f 547 546 536
f 537 547 536
f 549 548 488
f 490 489 550
f 488 491 549
f 549 491 551
f 490 550 492
f 550 552 492
f 491 494 551
f 551 494 553
f 560 498 502
f 492 552 496
f 555 494 497
f 555 556 494
f 556 553 494
f 497 498 555
f 499 557 500
f 499 558 557
f 499 496 558
f 496 554 558
f 555 559 556
f 559 555 498
f 552 554 496
f 568 573 569
f 518 464 520
f 464 512 456
f 480 479 468
f 469 480 468
f 481 480 469
f 470 481 469
f 482 481 470
f 471 482 470
f 483 482 471
f 472 483 471
f 484 483 472
f 473 484 472
f 468 479 466
f 485 484 473
f 486 485 474
f 475 486 474
f 487 486 475
f 476 487 475
f 488 425 427
f 426 490 428
f 427 430 488
f 488 430 491
f 428 490 432
f 490 492 432
f 474 485 473
f 493 430 433
f 466 479 467
f 478 477 461
f 457 458 466
f 407 418 468
f 407 468 458
f 458 468 466
f 418 419 469
f 468 418 469
f 419 420 470
f 469 419 470
f 420 421 471
f 470 420 471
f 462 478 461
f 421 422 472
f 422 423 473
f 472 422 473
f 423 424 474
f 473 423 474
f 424 414 459
f 474 459 475
f 476 460 477
f 476 475 460
f 475 459 460
f 461 477 460
f 471 421 472
f 464 465 520
f 493 494 430
f 433 434 493
f 453 508 452
f 453 509 508
f 445 509 453
f 445 510 509
f 445 503 510
f 504 510 503
f 506 511 507
f 512 513 511
f 454 512 511
f 454 511 506
f 447 449 506
f 454 506 449
f 463 514 462
f 463 515 514
f 452 515 463
f 452 516 515
f 452 508 516
f 509 516 508
f 512 517 513
f 518 519 517
f 464 518 517
f 464 517 512
f 454 456 512
f 494 491 430
f 447 501 443
f 447 506 505
f 435 495 436
f 435 496 495
f 435 432 496
f 432 492 496
f 493 497 494
f 497 493 434
f 497 434 498
f 498 434 438
f 495 499 500
f 495 500 436
f 447 505 501
f 436 500 440
f 501 438 441
f 501 502 438
f 502 498 438
f 441 443 501
f 446 503 445
f 446 504 503
f 446 440 504
f 440 500 504
f 501 505 502
f 506 507 505
f 496 499 495
f 574 575 573
f 517 574 573
f 517 573 568
f 588 642 641
f 643 644 642
f 643 642 589
f 589 642 588
f 589 590 645
f 643 589 645
f 590 592 645
f 601 646 600
f 647 646 601
f 647 601 648
f 581 588 641
f 648 601 602
f 638 649 602
f 649 648 602
f 639 649 638
f 643 650 644
f 645 650 643
f 651 650 645
f 652 653 651
f 603 652 651
f 603 651 645
f 603 645 592
f 638 602 586
f 603 604 654
f 581 641 636
f 634 640 633
f 628 572 625
f 626 630 627
f 631 632 630
f 573 631 630
f 573 630 626
f 573 626 569
f 573 575 631
f 578 633 577
f 578 634 633
f 578 571 634
f 636 641 637
f 571 629 634
f 636 637 635
f 579 636 635
f 579 635 631
f 579 631 575
f 579 581 636
f 587 638 586
f 587 639 638
f 577 639 587
f 577 640 639
f 577 633 640
f 631 635 632
f 625 572 566
f 652 603 654
f 654 604 655
f 659 668 658
f 669 668 659
f 660 669 659
f 670 613 672
f 671 673 614
f 613 615 672
f 672 615 674
f 614 673 616
f 673 675 616
f 615 617 674
f 668 667 658
f 674 617 676
f 675 677 618
f 617 620 676
f 676 620 678
f 621 679 622
f 621 680 679
f 621 618 680
f 618 677 680
f 620 681 678
f 623 681 620
f 681 623 624
f 616 675 618
f 604 605 655
f 658 667 657
f 657 666 656
f 605 606 656
f 655 605 656
f 606 607 657
f 656 606 657
f 607 608 658
f 657 607 658
f 608 609 659
f 658 608 659
f 660 659 609
f 660 609 661
f 667 666 657
f 661 609 610
f 646 662 610
f 662 661 610
f 647 662 646
f 652 663 653
f 654 663 652
f 664 663 654
f 655 664 654
f 665 664 655
f 656 665 655
f 666 665 656
f 646 610 600
f 571 572 629
f 572 628 629
f 567 569 626
f 580 588 581
f 582 588 580
f 589 588 582
f 583 589 582
f 590 589 583
f 591 592 590
f 540 591 590
f 540 590 583
f 540 583 529
f 540 541 593
f 577 587 576
f 591 540 593
f 593 541 594
f 542 543 595
f 594 542 595
f 543 544 596
f 595 543 596
f 544 545 597
f 596 544 597
f 545 546 598
f 597 545 598
f 546 547 599
f 541 542 594
f 598 546 599
f 523 576 587
f 523 586 539
f 517 568 513
f 517 519 574
f 524 576 523
f 524 577 576
f 515 577 524
f 515 578 577
f 515 570 578
f 571 578 570
f 574 579 575
f 580 581 579
f 523 587 586
f 525 580 579
f 525 574 519
f 525 526 582
f 580 525 582
f 526 527 583
f 582 526 583
f 527 529 583
f 538 584 537
f 538 539 585
f 584 538 585
f 539 586 585
f 525 579 574
f 547 600 599
f 537 600 547
f 537 601 600
f 614 616 554
f 553 556 615
f 615 556 617
f 554 616 558
f 616 618 558
f 619 556 559
f 619 620 556
f 620 617 556
f 559 560 619
f 561 621 622
f 552 614 554
f 562 561 622
f 621 561 618
f 619 623 620
f 623 619 560
f 623 560 624
f 624 560 564
f 562 622 566
f 622 625 566
f 626 564 567
f 626 627 564
f 627 624 564
f 618 561 558
f 613 553 615
f 551 553 613
f 612 614 552
f 537 584 601
f 585 601 584
f 602 601 585
f 586 602 585
f 591 603 592
f 593 603 591
f 604 603 593
f 594 604 593
f 605 604 594
f 595 605 594
f 606 605 595
f 596 606 595
f 607 606 596
f 597 607 596
f 608 607 597
f 598 608 597
f 609 608 598
f 599 609 598
f 610 609 599
f 600 610 599
f 549 551 611
f 611 551 613
f 550 612 552
f 465 466 467
f 1607 1650 1618

